م;الوحدة;الدرس;نوع العنصر;النص;المصدر;صفحة الكتاب;سبب الحاجة إلى المراجعة;الأولوية;حالة الاعتماد;الملاحظات;النص بعد التحرير;نص الكتاب المرجعي;المرجع;المعرّف;موضعه في البرنامج
9;تفسير ما يتكرر;البسملة;نصّ قرآني;بِسْمِ اللَّهِ الرَّحْمَٰنِ الرَّحِيمِ;نصّ قرآني;7;نصّ قرآني كُتب بالرسم المعتمد ولم يُستخرج من ملف الكتاب؛ يحتاج تدقيقًا حرفيًّا وتشكيليًّا وتحقّقًا من حدود المقطع.;عالية;بانتظار المراجعة;;;;الفاتحة: ١;u1/u1l2/cards/c1;#/lesson/u1/u1l2
15;تفسير ما يتكرر;سورة الفاتحة;نصّ قرآني;بِسْمِ اللَّهِ الرَّحْمَٰنِ الرَّحِيمِ ﴿١﴾ الْحَمْدُ لِلَّهِ رَبِّ الْعَالَمِينَ ﴿٢﴾ الرَّحْمَٰنِ الرَّحِيمِ ﴿٣﴾ مَالِكِ يَوْمِ الدِّينِ ﴿٤﴾ إِيَّاكَ نَعْبُدُ وَإِيَّاكَ نَسْتَعِينُ ﴿٥﴾ اهْدِنَا الصِّرَاطَ الْمُسْتَقِيمَ ﴿٦﴾ صِرَاطَ الَّذِينَ أَنْعَمْتَ عَلَيْهِمْ غَيْرِ الْمَغْضُوبِ عَلَيْهِمْ وَلَا الضَّالِّينَ ﴿٧﴾;نصّ قرآني;8;نصّ قرآني كُتب بالرسم المعتمد ولم يُستخرج من ملف الكتاب؛ يحتاج تدقيقًا حرفيًّا وتشكيليًّا وتحقّقًا من حدود المقطع.;عالية;بانتظار المراجعة;;;;سورة الفاتحة: ١-٧;u1/u1l3/cards/c1;#/lesson/u1/u1l3
20;تفسير ما يتكرر;آية الكرسي;نصّ قرآني;اللَّهُ لَا إِلَٰهَ إِلَّا هُوَ الْحَيُّ الْقَيُّومُ ۚ لَا تَأْخُذُهُ سِنَةٌ وَلَا نَوْمٌ ۚ لَهُ مَا فِي السَّمَاوَاتِ وَمَا فِي الْأَرْضِ ۗ مَنْ ذَا الَّذِي يَشْفَعُ عِنْدَهُ إِلَّا بِإِذْنِهِ ۚ يَعْلَمُ مَا بَيْنَ أَيْدِيهِمْ وَمَا خَلْفَهُمْ ۖ وَلَا يُحِيطُونَ بِشَيْءٍ مِنْ عِلْمِهِ إِلَّا بِمَا شَاءَ ۚ وَسِعَ كُرْسِيُّهُ السَّمَاوَاتِ وَالْأَرْضَ ۖ وَلَا يَئُودُهُ حِفْظُهُمَا ۚ وَهُوَ الْعَلِيُّ الْعَظِيمُ ﴿٢٥٥﴾;نصّ قرآني;10;نصّ قرآني كُتب بالرسم المعتمد ولم يُستخرج من ملف الكتاب؛ يحتاج تدقيقًا حرفيًّا وتشكيليًّا وتحقّقًا من حدود المقطع.;عالية;بانتظار المراجعة;;;;البقرة: ٢٥٥;u1/u1l4/cards/c1;#/lesson/u1/u1l4
24;تفسير ما يتكرر;آخر آيتين من سورة البقرة;نصّ قرآني;آمَنَ الرَّسُولُ بِمَا أُنْزِلَ إِلَيْهِ مِنْ رَبِّهِ وَالْمُؤْمِنُونَ ۚ كُلٌّ آمَنَ بِاللَّهِ وَمَلَائِكَتِهِ وَكُتُبِهِ وَرُسُلِهِ لَا نُفَرِّقُ بَيْنَ أَحَدٍ مِنْ رُسُلِهِ ۚ وَقَالُوا سَمِعْنَا وَأَطَعْنَا ۖ غُفْرَانَكَ رَبَّنَا وَإِلَيْكَ الْمَصِيرُ ﴿٢٨٥﴾;نصّ قرآني;11;نصّ قرآني كُتب بالرسم المعتمد ولم يُستخرج من ملف الكتاب؛ يحتاج تدقيقًا حرفيًّا وتشكيليًّا وتحقّقًا من حدود المقطع.;عالية;بانتظار المراجعة;;;;البقرة: ٢٨٥;u1/u1l5/cards/c1;#/lesson/u1/u1l5
25;تفسير ما يتكرر;آخر آيتين من سورة البقرة;نصّ قرآني;لَا يُكَلِّفُ اللَّهُ نَفْسًا إِلَّا وُسْعَهَا ۚ لَهَا مَا كَسَبَتْ وَعَلَيْهَا مَا اكْتَسَبَتْ ۗ رَبَّنَا لَا تُؤَاخِذْنَا إِنْ نَسِينَا أَوْ أَخْطَأْنَا ۚ رَبَّنَا وَلَا تَحْمِلْ عَلَيْنَا إِصْرًا كَمَا حَمَلْتَهُ عَلَى الَّذِينَ مِنْ قَبْلِنَا ۚ رَبَّنَا وَلَا تُحَمِّلْنَا مَا لَا طَاقَةَ لَنَا بِهِ ۖ وَاعْفُ عَنَّا وَاغْفِرْ لَنَا وَارْحَمْنَا ۚ أَنْتَ مَوْلَانَا فَانْصُرْنَا عَلَى الْقَوْمِ الْكَافِرِينَ ﴿٢٨٦﴾;نصّ قرآني;11;نصّ قرآني كُتب بالرسم المعتمد ولم يُستخرج من ملف الكتاب؛ يحتاج تدقيقًا حرفيًّا وتشكيليًّا وتحقّقًا من حدود المقطع.;عالية;بانتظار المراجعة;;;;البقرة: ٢٨٦;u1/u1l5/cards/c2;#/lesson/u1/u1l5
29;تفسير ما يتكرر;سورة الكافرون;نصّ قرآني;قُلْ يَا أَيُّهَا الْكَافِرُونَ ﴿١﴾ لَا أَعْبُدُ مَا تَعْبُدُونَ ﴿٢﴾ وَلَا أَنْتُمْ عَابِدُونَ مَا أَعْبُدُ ﴿٣﴾ وَلَا أَنَا عَابِدٌ مَا عَبَدْتُمْ ﴿٤﴾ وَلَا أَنْتُمْ عَابِدُونَ مَا أَعْبُدُ ﴿٥﴾ لَكُمْ دِينُكُمْ وَلِيَ دِينِ ﴿٦﴾;نصّ قرآني;12;نصّ قرآني كُتب بالرسم المعتمد ولم يُستخرج من ملف الكتاب؛ يحتاج تدقيقًا حرفيًّا وتشكيليًّا وتحقّقًا من حدود المقطع.;عالية;بانتظار المراجعة;;;;سورة الكافرون;u1/u1l6/cards/c1;#/lesson/u1/u1l6
33;تفسير ما يتكرر;سورة الإخلاص;نصّ قرآني;قُلْ هُوَ اللَّهُ أَحَدٌ ﴿١﴾ اللَّهُ الصَّمَدُ ﴿٢﴾ لَمْ يَلِدْ وَلَمْ يُولَدْ ﴿٣﴾ وَلَمْ يَكُنْ لَهُ كُفُوًا أَحَدٌ ﴿٤﴾;نصّ قرآني;13;نصّ قرآني كُتب بالرسم المعتمد ولم يُستخرج من ملف الكتاب؛ يحتاج تدقيقًا حرفيًّا وتشكيليًّا وتحقّقًا من حدود المقطع.;عالية;بانتظار المراجعة;;;;سورة الإخلاص;u1/u1l7/cards/c1;#/lesson/u1/u1l7
37;تفسير ما يتكرر;سورة الفلق;نصّ قرآني;قُلْ أَعُوذُ بِرَبِّ الْفَلَقِ ﴿١﴾ مِنْ شَرِّ مَا خَلَقَ ﴿٢﴾ وَمِنْ شَرِّ غَاسِقٍ إِذَا وَقَبَ ﴿٣﴾ وَمِنْ شَرِّ النَّفَّاثَاتِ فِي الْعُقَدِ ﴿٤﴾ وَمِنْ شَرِّ حَاسِدٍ إِذَا حَسَدَ ﴿٥﴾;نصّ قرآني;13;نصّ قرآني كُتب بالرسم المعتمد ولم يُستخرج من ملف الكتاب؛ يحتاج تدقيقًا حرفيًّا وتشكيليًّا وتحقّقًا من حدود المقطع.;عالية;بانتظار المراجعة;;;;سورة الفلق;u1/u1l8/cards/c1;#/lesson/u1/u1l8
41;تفسير ما يتكرر;سورة الناس;نصّ قرآني;قُلْ أَعُوذُ بِرَبِّ النَّاسِ ﴿١﴾ مَلِكِ النَّاسِ ﴿٢﴾ إِلَٰهِ النَّاسِ ﴿٣﴾ مِنْ شَرِّ الْوَسْوَاسِ الْخَنَّاسِ ﴿٤﴾ الَّذِي يُوَسْوِسُ فِي صُدُورِ النَّاسِ ﴿٥﴾ مِنَ الْجِنَّةِ وَالنَّاسِ ﴿٦﴾;نصّ قرآني;14;نصّ قرآني كُتب بالرسم المعتمد ولم يُستخرج من ملف الكتاب؛ يحتاج تدقيقًا حرفيًّا وتشكيليًّا وتحقّقًا من حدود المقطع.;عالية;بانتظار المراجعة;;;;سورة الناس;u1/u1l9/cards/c1;#/lesson/u1/u1l9
178;الأخلاق;الصدق;نصّ قرآني;﴿يَا أَيُّهَا الَّذِينَ آمَنُوا اتَّقُوا اللَّهَ وَكُونُوا مَعَ الصَّادِقِينَ﴾;نصّ قرآني;59;نصّ قرآني كُتب بالرسم المعتمد ولم يُستخرج من ملف الكتاب؛ يحتاج تدقيقًا حرفيًّا وتشكيليًّا وتحقّقًا من حدود المقطع.;عالية;بانتظار المراجعة;;;;التوبة: ١١٩;u6/u6l1/cards/c1;#/lesson/u6/u6l1
182;الأخلاق;الصبر;نصّ قرآني;﴿إِنَّمَا يُوَفَّى الصَّابِرُونَ أَجْرَهُمْ بِغَيْرِ حِسَابٍ﴾;نصّ قرآني;59;نصّ قرآني كُتب بالرسم المعتمد ولم يُستخرج من ملف الكتاب؛ يحتاج تدقيقًا حرفيًّا وتشكيليًّا وتحقّقًا من حدود المقطع.;عالية;بانتظار المراجعة;;;;الزمر: ١٠;u6/u6l2/cards/c1;#/lesson/u6/u6l2
186;الأخلاق;الأمانة;نصّ قرآني;﴿إِنَّ اللَّهَ يَأْمُرُكُمْ أَنْ تُؤَدُّوا الْأَمَانَاتِ إِلَىٰ أَهْلِهَا﴾;نصّ قرآني;60;نصّ قرآني كُتب بالرسم المعتمد ولم يُستخرج من ملف الكتاب؛ يحتاج تدقيقًا حرفيًّا وتشكيليًّا وتحقّقًا من حدود المقطع.;عالية;بانتظار المراجعة;;;;النساء: ٥٨;u6/u6l3/cards/c1;#/lesson/u6/u6l3
191;الأخلاق;العفاف;نصّ قرآني;﴿وَرَاوَدَتْهُ الَّتِي هُوَ فِي بَيْتِهَا عَنْ نَفْسِهِ وَغَلَّقَتِ الْأَبْوَابَ وَقَالَتْ هَيْتَ لَكَ ۚ قَالَ مَعَاذَ اللَّهِ ۖ إِنَّهُ رَبِّي أَحْسَنَ مَثْوَايَ ۖ إِنَّهُ لَا يُفْلِحُ الظَّالِمُونَ ﴿٢٣﴾;نصّ قرآني;60;نصّ قرآني كُتب بالرسم المعتمد ولم يُستخرج من ملف الكتاب؛ يحتاج تدقيقًا حرفيًّا وتشكيليًّا وتحقّقًا من حدود المقطع.;عالية;بانتظار المراجعة;;;;يوسف: ٢٣;u6/u6l4/cards/c1;#/lesson/u6/u6l4
195;الأخلاق;الحياء;نصّ قرآني;﴿يَا أَيُّهَا الَّذِينَ آمَنُوا لَا تَدْخُلُوا بُيُوتَ النَّبِيِّ إِلَّا أَنْ يُؤْذَنَ لَكُمْ إِلَىٰ طَعَامٍ غَيْرَ نَاظِرِينَ إِنَاهُ وَلَٰكِنْ إِذَا دُعِيتُمْ فَادْخُلُوا فَإِذَا طَعِمْتُمْ فَانْتَشِرُوا وَلَا مُسْتَأْنِسِينَ لِحَدِيثٍ ۚ إِنَّ ذَٰلِكُمْ كَانَ يُؤْذِي النَّبِيَّ فَيَسْتَحْيِي مِنْكُمْ ۖ وَاللَّهُ لَا يَسْتَحْيِي مِنَ الْحَقِّ﴾;نصّ قرآني;61;نصّ قرآني كُتب بالرسم المعتمد ولم يُستخرج من ملف الكتاب؛ يحتاج تدقيقًا حرفيًّا وتشكيليًّا وتحقّقًا من حدود المقطع.;عالية;بانتظار المراجعة;;;;الأحزاب: ٥٣;u6/u6l5/cards/c1;#/lesson/u6/u6l5
199;الأخلاق;الشجاعة;نصّ قرآني;﴿وَلَا تَهِنُوا وَلَا تَحْزَنُوا وَأَنْتُمُ الْأَعْلَوْنَ إِنْ كُنْتُمْ مُؤْمِنِينَ ﴿١٣٩﴾;نصّ قرآني;61;نصّ قرآني كُتب بالرسم المعتمد ولم يُستخرج من ملف الكتاب؛ يحتاج تدقيقًا حرفيًّا وتشكيليًّا وتحقّقًا من حدود المقطع.;عالية;بانتظار المراجعة;;;;آل عمران: ١٣٩;u6/u6l6/cards/c1;#/lesson/u6/u6l6
203;الأخلاق;الكرم;نصّ قرآني;﴿إِنَّمَا الْمُؤْمِنُونَ الَّذِينَ إِذَا ذُكِرَ اللَّهُ وَجِلَتْ قُلُوبُهُمْ وَإِذَا تُلِيَتْ عَلَيْهِمْ آيَاتُهُ زَادَتْهُمْ إِيمَانًا وَعَلَىٰ رَبِّهِمْ يَتَوَكَّلُونَ ﴿٢﴾ الَّذِينَ يُقِيمُونَ الصَّلَاةَ وَمِمَّا رَزَقْنَاهُمْ يُنْفِقُونَ ﴿٣﴾ أُولَٰئِكَ هُمُ الْمُؤْمِنُونَ حَقًّا ۚ لَهُمْ دَرَجَاتٌ عِنْدَ رَبِّهِمْ وَمَغْفِرَةٌ وَرِزْقٌ كَرِيمٌ ﴿٤﴾;نصّ قرآني;62;نصّ قرآني كُتب بالرسم المعتمد ولم يُستخرج من ملف الكتاب؛ يحتاج تدقيقًا حرفيًّا وتشكيليًّا وتحقّقًا من حدود المقطع.;عالية;بانتظار المراجعة;;;;الأنفال: ٢-٤;u6/u6l7/cards/c1;#/lesson/u6/u6l7
207;الأخلاق;الوفاء;نصّ قرآني;﴿وَأَوْفُوا بِالْعَهْدِ ۖ إِنَّ الْعَهْدَ كَانَ مَسْئُولًا ﴿٣٤﴾;نصّ قرآني;62;نصّ قرآني كُتب بالرسم المعتمد ولم يُستخرج من ملف الكتاب؛ يحتاج تدقيقًا حرفيًّا وتشكيليًّا وتحقّقًا من حدود المقطع.;عالية;بانتظار المراجعة;;;;الإسراء: ٣٤;u6/u6l8/cards/c1;#/lesson/u6/u6l8
212;الأخلاق;حسن الجوار;نصّ قرآني;﴿وَاعْبُدُوا اللَّهَ وَلَا تُشْرِكُوا بِهِ شَيْئًا ۖ وَبِالْوَالِدَيْنِ إِحْسَانًا وَبِذِي الْقُرْبَىٰ وَالْيَتَامَىٰ وَالْمَسَاكِينِ وَالْجَارِ ذِي الْقُرْبَىٰ وَالْجَارِ الْجُنُبِ وَالصَّاحِبِ بِالْجَنْبِ وَابْنِ السَّبِيلِ وَمَا مَلَكَتْ أَيْمَانُكُمْ ۗ إِنَّ اللَّهَ لَا يُحِبُّ مَنْ كَانَ مُخْتَالًا فَخُورًا﴾;نصّ قرآني;63;نصّ قرآني كُتب بالرسم المعتمد ولم يُستخرج من ملف الكتاب؛ يحتاج تدقيقًا حرفيًّا وتشكيليًّا وتحقّقًا من حدود المقطع.;عالية;بانتظار المراجعة;;;;النساء: ٣٦;u6/u6l9/cards/c1;#/lesson/u6/u6l9
216;الأخلاق;مساعدة ذي الحاجة;نصّ قرآني;﴿يَا أَيُّهَا الَّذِينَ آمَنُوا ارْكَعُوا وَاسْجُدُوا وَاعْبُدُوا رَبَّكُمْ وَافْعَلُوا الْخَيْرَ لَعَلَّكُمْ تُفْلِحُونَ ﴿٧٧﴾;نصّ قرآني;63;نصّ قرآني كُتب بالرسم المعتمد ولم يُستخرج من ملف الكتاب؛ يحتاج تدقيقًا حرفيًّا وتشكيليًّا وتحقّقًا من حدود المقطع.;عالية;بانتظار المراجعة;;;;الحج: ٧٧;u6/u6l10/cards/c1;#/lesson/u6/u6l10
220;الرقائق;الخوف والرجاء;نصّ قرآني;﴿نَبِّئْ عِبَادِي أَنِّي أَنَا الْغَفُورُ الرَّحِيمُ ﴿٤٩﴾ وَأَنَّ عَذَابِي هُوَ الْعَذَابُ الْأَلِيمُ ﴿٥٠﴾;نصّ قرآني;67;نصّ قرآني كُتب بالرسم المعتمد ولم يُستخرج من ملف الكتاب؛ يحتاج تدقيقًا حرفيًّا وتشكيليًّا وتحقّقًا من حدود المقطع.;عالية;بانتظار المراجعة;;;;الحجر: ٤٩-٥٠;u7/u7l1/cards/c1;#/lesson/u7/u7l1
225;الرقائق;الصحة والفراغ;نصّ قرآني;﴿وَإِنْ تَعُدُّوا نِعْمَتَ اللَّهِ لَا تُحْصُوهَا﴾;نصّ قرآني;67;نصّ قرآني كُتب بالرسم المعتمد ولم يُستخرج من ملف الكتاب؛ يحتاج تدقيقًا حرفيًّا وتشكيليًّا وتحقّقًا من حدود المقطع.;عالية;بانتظار المراجعة;;;;إبراهيم: ٣٤;u7/u7l2/cards/c1;#/lesson/u7/u7l2
246;الرقائق;رحمة الله;نصّ قرآني;﴿وَرَحْمَتِي وَسِعَتْ كُلَّ شَيْءٍ﴾;نصّ قرآني;69;نصّ قرآني كُتب بالرسم المعتمد ولم يُستخرج من ملف الكتاب؛ يحتاج تدقيقًا حرفيًّا وتشكيليًّا وتحقّقًا من حدود المقطع.;عالية;بانتظار المراجعة;;;;الأعراف: ١٥٦;u7/u7l8/cards/c1;#/lesson/u7/u7l8
247;الرقائق;رحمة الله;نصّ قرآني;﴿قُلْ يَا عِبَادِيَ الَّذِينَ أَسْرَفُوا عَلَىٰ أَنْفُسِهِمْ لَا تَقْنَطُوا مِنْ رَحْمَةِ اللَّهِ ۚ إِنَّ اللَّهَ يَغْفِرُ الذُّنُوبَ جَمِيعًا ۚ إِنَّهُ هُوَ الْغَفُورُ الرَّحِيمُ ﴿٥٣﴾;نصّ قرآني;69;نصّ قرآني كُتب بالرسم المعتمد ولم يُستخرج من ملف الكتاب؛ يحتاج تدقيقًا حرفيًّا وتشكيليًّا وتحقّقًا من حدود المقطع.;عالية;بانتظار المراجعة;;;;الزمر: ٥٣;u7/u7l8/cards/c2;#/lesson/u7/u7l8
257;الرقائق;المجاهدة;نصّ قرآني;﴿وَالَّذِينَ جَاهَدُوا فِينَا لَنَهْدِيَنَّهُمْ سُبُلَنَا ۚ وَإِنَّ اللَّهَ لَمَعَ الْمُحْسِنِينَ ﴿٦٩﴾;نصّ قرآني;70;نصّ قرآني كُتب بالرسم المعتمد ولم يُستخرج من ملف الكتاب؛ يحتاج تدقيقًا حرفيًّا وتشكيليًّا وتحقّقًا من حدود المقطع.;عالية;بانتظار المراجعة;;;;العنكبوت: ٦٩;u7/u7l11/cards/c1;#/lesson/u7/u7l11
3;تفسير ما يتكرر;الاستعاذة;خلاصة الدرس;• لفظ الاستعاذة: أعوذ بالله من الشيطان الرجيم. ⏎ • ليست من القرآن، ويُستحبّ قولها قبل قراءة شيء من القرآن. ⏎ • معناها: ألتجئ إلى الله المعبود بحقٍّ وحده، من الشيطان المطرود من رحمة الله.;صياغة تعليمية مساعدة;7;خلاصة مستحدثة تلخّص الدرس؛ يحتاج تأكيد أنها لا تخلّ بمعنى النصّ ولا تختصره اختصالًا مخلًّا.;متوسطة;بانتظار المراجعة;;;أَعُوذُ بِاللهِ مِنَ الشَّيْطَانِ الرَّجِيمِ;;u1/u1l1/summary;#/lesson/u1/u1l1
5;تفسير ما يتكرر;الاستعاذة;ملحوظة تعليمية;لاحظ الترتيب: التجاء (أعوذ) ← إلى مَن (بالله) ← ممن (من الشيطان الرجيم). هذا الترتيب نفسه يساعدك على تذكّر اللفظ كاملًا.;صياغة تعليمية مساعدة;7;ملحوظة تعليمية مستحدثة تُعرض ضمن محتوى الدرس؛ يحتاج تأكيد أنها لا تضيف حكمًا ولا تفسيرًا من خارج الكتاب.;متوسطة;بانتظار المراجعة;;;أَعُوذُ بِاللهِ مِنَ الشَّيْطَانِ الرَّجِيمِ;;u1/u1l1/cards/c4;#/lesson/u1/u1l1
8;تفسير ما يتكرر;البسملة;خلاصة الدرس;• البسملة آية للفصل بين السور، وليست آية من الفاتحة ولا من غيرها. ⏎ • ﴿بِسْمِ اللَّهِ﴾: أبتدئ قراءة القرآن مستعينًا بكل اسم لله. ⏎ • ﴿الرَّحْمَٰنِ﴾ سعة الرحمة، و﴿الرَّحِيمِ﴾ وصولها للعباد.;صياغة تعليمية مساعدة;7;خلاصة مستحدثة تلخّص الدرس؛ يحتاج تأكيد أنها لا تخلّ بمعنى النصّ ولا تختصره اختصالًا مخلًّا.;متوسطة;بانتظار المراجعة;;;وَهِيَ آيَةٌ جَاءَتْ لِلْفَصْلِ بَيْنَ السُّوَرِ، فَلَيْسَتْ آيَةً مِنْ سُورَةِ الْفَاتِحَةِ وَلَا مِنْ غَيْرِهَا مِنَ السُّوَرِ.;;u1/u1l2/summary;#/lesson/u1/u1l2
10;تفسير ما يتكرر;البسملة;ملحوظة تعليمية;فرقٌ لطيف يعينك على الحفظ: «الرحمن» سعة الرحمة، و«الرحيم» وصولها إلى العباد.;صياغة تعليمية مساعدة;8;ملحوظة تعليمية مستحدثة تُعرض ضمن محتوى الدرس؛ يحتاج تأكيد أنها لا تضيف حكمًا ولا تفسيرًا من خارج الكتاب.;متوسطة;بانتظار المراجعة;;;وَهِيَ آيَةٌ جَاءَتْ لِلْفَصْلِ بَيْنَ السُّوَرِ، فَلَيْسَتْ آيَةً مِنْ سُورَةِ الْفَاتِحَةِ وَلَا مِنْ غَيْرِهَا مِنَ السُّوَرِ.;;u1/u1l2/cards/c4;#/lesson/u1/u1l2
13;تفسير ما يتكرر;سورة الفاتحة;خلاصة الدرس;• الفاتحة أعظم سورة في القرآن، ولا تصحّ الصلاة إلا بها. ⏎ • ﴿مَالِكِ يَوْمِ الدِّينِ﴾ يوم القيامة الذي يجازي الله فيه العباد. ⏎ • ﴿اهْدِنَا الصِّرَاطَ الْمُسْتَقِيمَ﴾ أي دلّنا ووفّقنا وثبّتنا عليه، وهو الإسلام. ⏎ • (آمين) معناها: اللهم استجب، وليست من القرآن.;صياغة تعليمية مساعدة;8;خلاصة مستحدثة تلخّص الدرس؛ يحتاج تأكيد أنها لا تخلّ بمعنى النصّ ولا تختصره اختصالًا مخلًّا.;متوسطة;بانتظار المراجعة;;;يَجِبُ عَلَى الْمُسْلِمِ أَنْ يَتَعَلَّمَ قِرَاءَةَ سُورَةِ الْفَاتِحَةِ؛ لِأَنَّ الصَّلَاةَ لَا تَصِحُّ إِلَّا بِهَا، وَيَحْسُنُ أَنْ يَتَعَلَّمَ قِرَاءَةَ كِتَابِ اللهِ كَامِلًا، فَإِنْ لَمْ يَكُنْ فَمَا اسْتَطَاعَ مِنْهُ.;;u1/u1l3/summary;#/lesson/u1/u1l3
16;تفسير ما يتكرر;سورة الفاتحة;ملحوظة تعليمية;الفرق بين المغضوب عليهم والضالين كما في الكتاب: الأول عَلِم فترك، والثاني عَمِل بلا عِلم. فاحرص على العلم والعمل معًا.;صياغة تعليمية مساعدة;9;ملحوظة تعليمية مستحدثة تُعرض ضمن محتوى الدرس؛ يحتاج تأكيد أنها لا تضيف حكمًا ولا تفسيرًا من خارج الكتاب.;متوسطة;بانتظار المراجعة;;;يَجِبُ عَلَى الْمُسْلِمِ أَنْ يَتَعَلَّمَ قِرَاءَةَ سُورَةِ الْفَاتِحَةِ؛ لِأَنَّ الصَّلَاةَ لَا تَصِحُّ إِلَّا بِهَا، وَيَحْسُنُ أَنْ يَتَعَلَّمَ قِرَاءَةَ كِتَابِ اللهِ كَامِلًا، فَإِنْ لَمْ يَكُنْ فَمَا اسْتَطَاعَ مِنْهُ.;;u1/u1l3/cards/c5;#/lesson/u1/u1l3
19;تفسير ما يتكرر;آية الكرسي;خلاصة الدرس;• آية الكرسي أعظم آية في القرآن. ⏎ • ﴿الْحَيُّ﴾ حياة كاملة لا نقص فيها، و﴿الْقَيُّومُ﴾ القائم بنفسه وبه قامت المخلوقات. ⏎ • ﴿سِنَةٌ﴾ نعاس، و﴿لَا يَئُودُهُ﴾ لا يُثقله ولا يشقّ عليه.;صياغة تعليمية مساعدة;10;خلاصة مستحدثة تلخّص الدرس؛ يحتاج تأكيد أنها لا تخلّ بمعنى النصّ ولا تختصره اختصالًا مخلًّا.;متوسطة;بانتظار المراجعة;;;وَهِيَ أَعْظَمُ آيَةٍ فِي الْقُرْآنِ.;;u1/u1l4/summary;#/lesson/u1/u1l4
23;تفسير ما يتكرر;آخر آيتين من سورة البقرة;خلاصة الدرس;• الآيتان تجمعان الإيمان بالله وملائكته وكتبه ورسله، ثم الدعاء. ⏎ • ﴿لَا يُكَلِّفُ اللَّهُ نَفْسًا إِلَّا وُسْعَهَا﴾: لا يطلب الله من عباده ما لا يطيقونه. ⏎ • ﴿لَهَا مَا كَسَبَتْ وَعَلَيْهَا مَا اكْتَسَبَتْ﴾: من فعل خيرًا نال خيرًا، ومن فعل شرًّا نال شرًّا.;صياغة تعليمية مساعدة;11;خلاصة مستحدثة تلخّص الدرس؛ يحتاج تأكيد أنها لا تخلّ بمعنى النصّ ولا تختصره اختصالًا مخلًّا.;متوسطة;بانتظار المراجعة;;;﴿لَا نُفَرِّقُ بَيْنَ أَحَدٍ مِنْ رُسُلِهِ﴾: أَيْ: لَا نُفَرِّقُ فِي الْإِيمَانِ بَيْنَ الرُّسُلِ فَنُؤْمِنُ بِبَعْضِهِمْ وَنُنْكِرُ بَعْضَهُمْ، بَلْ نُؤْمِنُ بِهِمْ جَمِيعًا. | ﴿وَقَالُوا﴾: أَيِ: الرَّسُولُ وَالْمُؤْمِنُونَ. | ﴿غُفْرَانَكَ رَبَّنَا﴾: أَيْ: نَسْأَلُكَ مَغْفِرَتَكَ. | ﴿وَإِلَيْكَ الْمَصِيرُ﴾: أَيِ: الْمَرْجِعُ. | ﴿لَا يُكَلِّفُ اللَّهُ نَفْسًا إِلَّا وُسْعَهَا﴾: أَيْ: لَا يَطْلُبُ اللهُ مِنْ عِبَادِهِ مَا لَا يُطِيقُونَهُ. | ﴿لَهَا مَا كَسَبَتْ وَعَلَيْهَا مَا اكْتَسَبَتْ﴾: فَمَنْ فَعَلَ خَيْرًا نَالَ خَيْرًا، وَمَنْ فَعَلَ شَرًّا نَالَ شَرًّا. | ﴿رَبَّنَا وَلَا تَحْمِلْ عَلَيْ;;u1/u1l5/summary;#/lesson/u1/u1l5
28;تفسير ما يتكرر;سورة الكافرون;خلاصة الدرس;• سورة الكافرون تُقرأ في الركعة الأولى من سنة الفجر القبلية. ⏎ • ﴿مَا تَعْبُدُونَ﴾ من الأصنام والآلهة الباطلة، و﴿مَا أَعْبُدُ﴾ هو الله وحده. ⏎ • ﴿وَلِيَ دِينِ﴾ الذي لا أبغي غيره.;صياغة تعليمية مساعدة;12;خلاصة مستحدثة تلخّص الدرس؛ يحتاج تأكيد أنها لا تخلّ بمعنى النصّ ولا تختصره اختصالًا مخلًّا.;متوسطة;بانتظار المراجعة;;;وَتُسَنُّ قِرَاءَتُهَا فِي الرَّكْعَةِ الْأُولَى مِنَ السُّنَّةِ الْقَبْلِيَّةِ لِصَلَاةِ الْفَجْرِ.;;u1/u1l6/summary;#/lesson/u1/u1l6
32;تفسير ما يتكرر;سورة الإخلاص;خلاصة الدرس;• الإخلاص تُقرأ في الركعة الثانية من سنة الفجر القبلية. ⏎ • ﴿أَحَدٌ﴾ المتفرّد بالألوهية والربوبية والأسماء والصفات. ⏎ • ﴿الصَّمَدُ﴾ الكامل في صفات الشرف والمجد، الذي يقصده الخلائق في حوائجهم.;صياغة تعليمية مساعدة;13;خلاصة مستحدثة تلخّص الدرس؛ يحتاج تأكيد أنها لا تخلّ بمعنى النصّ ولا تختصره اختصالًا مخلًّا.;متوسطة;بانتظار المراجعة;;;وَتُسَنُّ قِرَاءَتُهَا فِي الرَّكْعَةِ الثَّانِيَةِ مِنَ السُّنَّةِ الْقَبْلِيَّةِ لِصَلَاةِ الْفَجْرِ.;;u1/u1l7/summary;#/lesson/u1/u1l7
36;تفسير ما يتكرر;سورة الفلق;خلاصة الدرس;• ﴿الْفَلَقِ﴾ هو الصبح. ⏎ • ﴿غَاسِقٍ إِذَا وَقَبَ﴾ الليل شديد الظلمة إذا دخل وتغلغل. ⏎ • الحسد: كراهية وصول النعمة للغير.;صياغة تعليمية مساعدة;13;خلاصة مستحدثة تلخّص الدرس؛ يحتاج تأكيد أنها لا تخلّ بمعنى النصّ ولا تختصره اختصالًا مخلًّا.;متوسطة;بانتظار المراجعة;;;﴿قُلْ﴾: أَيُّهَا الرَّسُولُ. | ﴿بِرَبِّ الْفَلَقِ﴾: وَهُوَ: الصُّبْحُ. | ﴿مِنْ شَرِّ مَا خَلَقَ﴾: أَيْ: جَمِيعِ الْمَخْلُوقَاتِ. | ﴿غَاسِقٍ﴾: أَيِ: اللَّيْلِ شَدِيدِ الظُّلْمَةِ. | ﴿إِذَا وَقَبَ﴾: إِذَا دَخَلَ وَتَغَلْغَلَ، وَمَا فِيهِ مِنَ الشُّرُورِ وَالْمُؤْذِيَاتِ. | ﴿النَّفَّاثَاتِ فِي الْعُقَدِ﴾: أَيِ: السَّاحِرَاتِ اللَّاتِي يَنْفُخْنَ فِيمَا يَعْقِدْنَ مِنْ عُقَدٍ بِقَصْدِ السِّحْرِ. | ﴿وَمِنْ شَرِّ حَاسِدٍ إِذَا حَسَدَ﴾: وَالْحَسَدُ: كَرَاهِيَةُ وُصُولِ النِّعْمَةِ لِلْغَيْرِ.;;u1/u1l8/summary;#/lesson/u1/u1l8
40;تفسير ما يتكرر;سورة الناس;خلاصة الدرس;• الوسواس الخنّاس: الشيطان الذي يوسوس عند الغفلة ويختفي عند ذكر الله. ⏎ • الشياطين من الجن ومن الإنس. ⏎ • السورة استعاذة بالرب المَلِك الإله من هذا الشرّ.;صياغة تعليمية مساعدة;14;خلاصة مستحدثة تلخّص الدرس؛ يحتاج تأكيد أنها لا تخلّ بمعنى النصّ ولا تختصره اختصالًا مخلًّا.;متوسطة;بانتظار المراجعة;;;﴿قُلْ﴾: أَيُّهَا الرَّسُولُ. | ﴿الْوَسْوَاسِ الْخَنَّاسِ﴾: أَيِ: الشَّيْطَانِ الَّذِي يُوَسْوِسُ عِنْدَ الْغَفْلَةِ، وَيَخْتَفِي عِنْدَ ذِكْرِ اللهِ. | ﴿مِنَ الْجِنَّةِ وَالنَّاسِ﴾: فَمِنَ الْجِنِّ شَيَاطِينُ، وَمِنَ الْإِنْسِ شَيَاطِينُ.;;u1/u1l9/summary;#/lesson/u1/u1l9
42;تفسير ما يتكرر;سورة الناس;ملحوظة تعليمية;وصف الخنّاس يعطيك الدواء: الوسوسة تأتي عند الغفلة، وتنقطع عند الذكر. فمتى وجدت الوسوسة فاذكر الله.;صياغة تعليمية مساعدة;14;ملحوظة تعليمية مستحدثة تُعرض ضمن محتوى الدرس؛ يحتاج تأكيد أنها لا تضيف حكمًا ولا تفسيرًا من خارج الكتاب.;متوسطة;بانتظار المراجعة;;;﴿قُلْ﴾: أَيُّهَا الرَّسُولُ. | ﴿الْوَسْوَاسِ الْخَنَّاسِ﴾: أَيِ: الشَّيْطَانِ الَّذِي يُوَسْوِسُ عِنْدَ الْغَفْلَةِ، وَيَخْتَفِي عِنْدَ ذِكْرِ اللهِ. | ﴿مِنَ الْجِنَّةِ وَالنَّاسِ﴾: فَمِنَ الْجِنِّ شَيَاطِينُ، وَمِنَ الْإِنْسِ شَيَاطِينُ.;;u1/u1l9/cards/c3;#/lesson/u1/u1l9
43;تفسير ما يتكرر;سورة الناس;موقف تطبيقي (داخل الدرس);شعرت بوساوس كثيرة عند نومك. ما أقرب تصرّف يوافق ما ذكره الكتاب في وصف الخنّاس؟ ⏎ ✔ أشغل نفسي بذكر الله فإنه يختفي عند ذكر الله ⏎ — أحاول ألا أفكر بشيء إطلاقًا ⏎ — أفتح الجوال حتى أنام ⏎ — أستيقظ وأترك النوم ⏎ التفسير: الكتاب وصفه بأنه «يُوَسْوِسُ عِنْدَ الْغَفْلَةِ، وَيَخْتَفِي عِنْدَ ذِكْرِ اللهِ».;صياغة تعليمية مساعدة;14;موقف تطبيقي بصياغة مستحدثة يُعرض داخل الدرس؛ يحتاج تأكيد أنّ الحكم فيه مطابق لنصّ الكتاب.;متوسطة;بانتظار المراجعة;;;﴿قُلْ﴾: أَيُّهَا الرَّسُولُ. | ﴿الْوَسْوَاسِ الْخَنَّاسِ﴾: أَيِ: الشَّيْطَانِ الَّذِي يُوَسْوِسُ عِنْدَ الْغَفْلَةِ، وَيَخْتَفِي عِنْدَ ذِكْرِ اللهِ. | ﴿مِنَ الْجِنَّةِ وَالنَّاسِ﴾: فَمِنَ الْجِنِّ شَيَاطِينُ، وَمِنَ الْإِنْسِ شَيَاطِينُ.;;u1/u1l9/interaction/i1;#/lesson/u1/u1l9
46;الأحاديث النبوية;أصول الإسلام على ثلاثة أحاديث;خلاصة الدرس;• نقل الكتاب عن الإمام أحمد أن أصول الإسلام على ثلاثة أحاديث، ثم ساقها.;صياغة تعليمية مساعدة;18;خلاصة مستحدثة تلخّص الدرس؛ يحتاج تأكيد أنها لا تخلّ بمعنى النصّ ولا تختصره اختصالًا مخلًّا.;متوسطة;بانتظار المراجعة;;;قَالَ الْإِمَامُ أَحْمَدُ: (أُصُولُ الْإِسْلَامِ عَلَى ثَلَاثَةِ أَحَادِيثَ...) ثُمَّ ذَكَرَهَا، وَهِيَ:;;u2/u2l0/summary;#/lesson/u2/u2l0
47;الأحاديث النبوية;أصول الإسلام على ثلاثة أحاديث;ملحوظة تعليمية;ستدرس في هذه الوحدة الأحاديث الثلاثة، ثم ما يدلّ عليه كل حديث كما بيّنه الكتاب.;صياغة تعليمية مساعدة;18;ملحوظة تعليمية مستحدثة تُعرض ضمن محتوى الدرس؛ يحتاج تأكيد أنها لا تضيف حكمًا ولا تفسيرًا من خارج الكتاب.;متوسطة;بانتظار المراجعة;;;قَالَ الْإِمَامُ أَحْمَدُ: (أُصُولُ الْإِسْلَامِ عَلَى ثَلَاثَةِ أَحَادِيثَ...) ثُمَّ ذَكَرَهَا، وَهِيَ:;;u2/u2l0/cards/c2;#/lesson/u2/u2l0
50;الأحاديث النبوية;الحديث الأول: الأعمال بالنية;خلاصة الدرس;• الأعمال بالنية، ولكل امرئ ما نوى. ⏎ • لا يكون العمل عبادةً إلا بنية التعبّد. ⏎ • ليس لك من الأجر إلا بقدر ما نويت.;صياغة تعليمية مساعدة;18;خلاصة مستحدثة تلخّص الدرس؛ يحتاج تأكيد أنها لا تخلّ بمعنى النصّ ولا تختصره اختصالًا مخلًّا.;متوسطة;بانتظار المراجعة;;;«الْأَعْمَالُ بِالنِّيَّةِ، وَلِكُلِّ امْرِئٍ مَا نَوَى، فَمَنْ كَانَتْ هِجْرَتُهُ إِلَى اللهِ وَرَسُولِهِ فَهِجْرَتُهُ إِلَى اللهِ وَرَسُولِهِ، وَمَنْ كَانَتْ هِجْرَتُهُ لِدُنْيَا يُصِيبُهَا، أَوِ امْرَأَةٍ يَتَزَوَّجُهَا، فَهِجْرَتُهُ إِلَى مَا هَاجَرَ إِلَيْهِ».;;u2/u2l1/summary;#/lesson/u2/u2l1
52;الأحاديث النبوية;الحديث الأول: الأعمال بالنية;ملحوظة تعليمية;الحديث يجعل ميزانك الداخلي هو الفيصل: السؤال ليس «ماذا فعلت؟» بل «لماذا فعلت؟».;صياغة تعليمية مساعدة;19;ملحوظة تعليمية مستحدثة تُعرض ضمن محتوى الدرس؛ يحتاج تأكيد أنها لا تضيف حكمًا ولا تفسيرًا من خارج الكتاب.;متوسطة;بانتظار المراجعة;;;«الْأَعْمَالُ بِالنِّيَّةِ، وَلِكُلِّ امْرِئٍ مَا نَوَى، فَمَنْ كَانَتْ هِجْرَتُهُ إِلَى اللهِ وَرَسُولِهِ فَهِجْرَتُهُ إِلَى اللهِ وَرَسُولِهِ، وَمَنْ كَانَتْ هِجْرَتُهُ لِدُنْيَا يُصِيبُهَا، أَوِ امْرَأَةٍ يَتَزَوَّجُهَا، فَهِجْرَتُهُ إِلَى مَا هَاجَرَ إِلَيْهِ».;;u2/u2l1/cards/c3;#/lesson/u2/u2l1
53;الأحاديث النبوية;الحديث الأول: الأعمال بالنية;موقف تطبيقي (داخل الدرس);رجلان تصدّقا بالمبلغ نفسه؛ أحدهما أراد وجه الله، والآخر أراد ثناء الناس. ما الذي يقرّره الحديث الأول؟ ⏎ ✔ لكلٍّ ما نوى؛ فلا أجر إلا بقدر ما نوى ⏎ — الأجر واحد لأن العمل واحد ⏎ — لا أجر لواحد منهما ⏎ — الأجر للثاني لأن نفعه أظهر ⏎ التفسير: الكتاب: «وَأَنْ لَيْسَ لَكَ مِنَ الْأَجْرِ إِلَّا بِقَدْرِ مَا نَوَيْتَ».;صياغة تعليمية مساعدة;19;موقف تطبيقي بصياغة مستحدثة يُعرض داخل الدرس؛ يحتاج تأكيد أنّ الحكم فيه مطابق لنصّ الكتاب.;متوسطة;بانتظار المراجعة;;;«الْأَعْمَالُ بِالنِّيَّةِ، وَلِكُلِّ امْرِئٍ مَا نَوَى، فَمَنْ كَانَتْ هِجْرَتُهُ إِلَى اللهِ وَرَسُولِهِ فَهِجْرَتُهُ إِلَى اللهِ وَرَسُولِهِ، وَمَنْ كَانَتْ هِجْرَتُهُ لِدُنْيَا يُصِيبُهَا، أَوِ امْرَأَةٍ يَتَزَوَّجُهَا، فَهِجْرَتُهُ إِلَى مَا هَاجَرَ إِلَيْهِ».;;u2/u2l1/interaction/i2;#/lesson/u2/u2l1
56;الأحاديث النبوية;الحديث الثاني: من أحدث في أمرنا;خلاصة الدرس;• «مَنْ أَحْدَثَ فِي أَمْرِنَا هَذَا مَا لَيْسَ فِيهِ، فَهُوَ رَدٌّ». ⏎ • البدعة: ما أُحدث في الدين مما ليس منه، بقصد التعبّد. ⏎ • البدع مردودة على صاحبها، وهو آثم بها.;صياغة تعليمية مساعدة;18;خلاصة مستحدثة تلخّص الدرس؛ يحتاج تأكيد أنها لا تخلّ بمعنى النصّ ولا تختصره اختصالًا مخلًّا.;متوسطة;بانتظار المراجعة;;;«مَنْ أَحْدَثَ فِي أَمْرِنَا هَذَا مَا لَيْسَ فِيهِ، فَهُوَ رَدٌّ».;;u2/u2l2/summary;#/lesson/u2/u2l2
59;الأحاديث النبوية;الحديث الثالث: الحلال بيّن والحرام بيّن;خلاصة الدرس;• الحلال بيّن والحرام بيّن وبينهما مشتبهات. ⏎ • من اتقى الشبهات استبرأ لدينه وعِرضه، ومن وقع فيها وقع في الحرام. ⏎ • في الجسد مضغة إذا صلحت صلح الجسد كله، ألا وهي القلب.;صياغة تعليمية مساعدة;18;خلاصة مستحدثة تلخّص الدرس؛ يحتاج تأكيد أنها لا تخلّ بمعنى النصّ ولا تختصره اختصالًا مخلًّا.;متوسطة;بانتظار المراجعة;;;«إِنَّ الْحَلَالَ بَيِّنٌ، وَإِنَّ الْحَرَامَ بَيِّنٌ، وَبَيْنَهُمَا مُشْتَبِهَاتٌ لَا يَعْلَمُهُنَّ كَثِيرٌ مِنَ النَّاسِ، فَمَنِ اتَّقَى الشُّبُهَاتِ اسْتَبْرَأَ لِدِينِهِ، وَعِرْضِهِ، وَمَنْ وَقَعَ فِي الشُّبُهَاتِ وَقَعَ فِي الْحَرَامِ، كَالرَّاعِي يَرْعَى حَوْلَ الْحِمَى، يُوشِكُ أَنْ يَرْتَعَ فِيهِ، أَلَا وَإِنَّ لِكُلِّ مَلِكٍ حِمًى، أَلَا وَإِنَّ حِمَى اللهِ مَحَارِمُهُ، أَلَا وَإِنَّ فِي الْجَسَدِ مُضْغَةً، إِذَا صَلَحَتْ، صَلَحَ الْجَسَدُ كُلُّهُ، وَإِذَا فَسَدَتْ، فَسَدَ الْجَسَدُ كُلُّهُ، أَلَا وَهِيَ الْقَلْبُ».;;u2/u2l3/summary;#/lesson/u2/u2l3
60;الأحاديث النبوية;الحديث الثالث: الحلال بيّن والحرام بيّن;ملحوظة تعليمية;مَثَل الراعي حول الحِمى يوضّح القاعدة: القرب من الحدّ طريقٌ إلى تجاوزه، فالبُعد عن المشتبه حفظٌ للدين والعِرض.;صياغة تعليمية مساعدة;18;ملحوظة تعليمية مستحدثة تُعرض ضمن محتوى الدرس؛ يحتاج تأكيد أنها لا تضيف حكمًا ولا تفسيرًا من خارج الكتاب.;متوسطة;بانتظار المراجعة;;;«إِنَّ الْحَلَالَ بَيِّنٌ، وَإِنَّ الْحَرَامَ بَيِّنٌ، وَبَيْنَهُمَا مُشْتَبِهَاتٌ لَا يَعْلَمُهُنَّ كَثِيرٌ مِنَ النَّاسِ، فَمَنِ اتَّقَى الشُّبُهَاتِ اسْتَبْرَأَ لِدِينِهِ، وَعِرْضِهِ، وَمَنْ وَقَعَ فِي الشُّبُهَاتِ وَقَعَ فِي الْحَرَامِ، كَالرَّاعِي يَرْعَى حَوْلَ الْحِمَى، يُوشِكُ أَنْ يَرْتَعَ فِيهِ، أَلَا وَإِنَّ لِكُلِّ مَلِكٍ حِمًى، أَلَا وَإِنَّ حِمَى اللهِ مَحَارِمُهُ، أَلَا وَإِنَّ فِي الْجَسَدِ مُضْغَةً، إِذَا صَلَحَتْ، صَلَحَ الْجَسَدُ كُلُّهُ، وَإِذَا فَسَدَتْ، فَسَدَ الْجَسَدُ كُلُّهُ، أَلَا وَهِيَ الْقَلْبُ».;;u2/u2l3/cards/c3;#/lesson/u2/u2l3
61;الأحاديث النبوية;الحديث الثالث: الحلال بيّن والحرام بيّن;موقف تطبيقي (داخل الدرس);عُرض عليك دخلٌ لم يتبيّن لك حلّه من حرمته. ما الذي يرشدك إليه الحديث الثالث؟ ⏎ ✔ أتجنّبه لأنه من المشتبهات ⏎ — آخذه حتى يتبيّن تحريمه ⏎ — أسأل مَن يوافق رغبتي ⏎ — أقسمه نصفين ⏎ التفسير: الكتاب: «فَإِنَّهُ مِنَ الْمُشْتَبِهَاتِ الَّتِي يَنْبَغِي تَجَنُّبُهَا».;صياغة تعليمية مساعدة;19;موقف تطبيقي بصياغة مستحدثة يُعرض داخل الدرس؛ يحتاج تأكيد أنّ الحكم فيه مطابق لنصّ الكتاب.;متوسطة;بانتظار المراجعة;;;«إِنَّ الْحَلَالَ بَيِّنٌ، وَإِنَّ الْحَرَامَ بَيِّنٌ، وَبَيْنَهُمَا مُشْتَبِهَاتٌ لَا يَعْلَمُهُنَّ كَثِيرٌ مِنَ النَّاسِ، فَمَنِ اتَّقَى الشُّبُهَاتِ اسْتَبْرَأَ لِدِينِهِ، وَعِرْضِهِ، وَمَنْ وَقَعَ فِي الشُّبُهَاتِ وَقَعَ فِي الْحَرَامِ، كَالرَّاعِي يَرْعَى حَوْلَ الْحِمَى، يُوشِكُ أَنْ يَرْتَعَ فِيهِ، أَلَا وَإِنَّ لِكُلِّ مَلِكٍ حِمًى، أَلَا وَإِنَّ حِمَى اللهِ مَحَارِمُهُ، أَلَا وَإِنَّ فِي الْجَسَدِ مُضْغَةً، إِذَا صَلَحَتْ، صَلَحَ الْجَسَدُ كُلُّهُ، وَإِذَا فَسَدَتْ، فَسَدَ الْجَسَدُ كُلُّهُ، أَلَا وَهِيَ الْقَلْبُ».;;u2/u2l3/interaction/i2;#/lesson/u2/u2l3
64;مراتب الدين;مراتب الدين الثلاث;خلاصة الدرس;• مراتب الدين ثلاث: الإسلام، والإيمان، والإحسان، ولكل مرتبة أركان.;صياغة تعليمية مساعدة;23;خلاصة مستحدثة تلخّص الدرس؛ يحتاج تأكيد أنها لا تخلّ بمعنى النصّ ولا تختصره اختصالًا مخلًّا.;متوسطة;بانتظار المراجعة;;;مَرَاتِبُ الدِّينِ ثَلَاثٌ: الْإِسْلَامُ وَالْإِيمَانُ وَالْإِحْسَانُ، وَكُلُّ مَرْتَبَةٍ لَهَا أَرْكَانٌ.;;u3/u3l0/summary;#/lesson/u3/u3l0
65;مراتب الدين;مراتب الدين الثلاث;ملحوظة تعليمية;خريطة الوحدة: أركان الإسلام (خمسة) ← أركان الإيمان (ستة) ← الإحسان (ركن واحد).;صياغة تعليمية مساعدة;23;ملحوظة تعليمية مستحدثة تُعرض ضمن محتوى الدرس؛ يحتاج تأكيد أنها لا تضيف حكمًا ولا تفسيرًا من خارج الكتاب.;متوسطة;بانتظار المراجعة;;;مَرَاتِبُ الدِّينِ ثَلَاثٌ: الْإِسْلَامُ وَالْإِيمَانُ وَالْإِحْسَانُ، وَكُلُّ مَرْتَبَةٍ لَهَا أَرْكَانٌ.;;u3/u3l0/cards/c2;#/lesson/u3/u3l0
68;مراتب الدين;أركان الإسلام;خلاصة الدرس;• أركان الإسلام خمسة، أولها وأعظمها الشهادتان. ⏎ • معنى لا إله إلا الله: لا معبود بحقٍّ إلا الله. ⏎ • شهادة أن محمدًا رسول الله: تصديقه فيما أخبر، وطاعته فيما أمر، واجتناب ما نهى عنه وزجر، وألا يُعبد الله إلا بما شرع. ⏎ • العبادة اسم جامع لما يحبه الله ويرضاه من الأقوال والأعمال الظاهرة والباطنة.;صياغة تعليمية مساعدة;23;خلاصة مستحدثة تلخّص الدرس؛ يحتاج تأكيد أنها لا تخلّ بمعنى النصّ ولا تختصره اختصالًا مخلًّا.;متوسطة;بانتظار المراجعة;;;وَهِيَ خَمْسَةٌ: أَوَّلُهَا وَأَعْظَمُهَا: شَهَادَةُ أَلَّا إِلَهَ إِلَّا اللهُ، وَأَنَّ مُحَمَّدًا رَسُولُ اللهِ.;;u3/u3l1/summary;#/lesson/u3/u3l1
72;مراتب الدين;أركان الإيمان والقدر الواجب فيها;خلاصة الدرس;• أركان الإيمان ستة. ⏎ • مسائل الإيمان نوعان: قدرٌ واجب مجزئ على كل مسلم، وقدرٌ مستحبّ زائد عليه. ⏎ • الإيمان بالكتب يشمل أنّ كلها منسوخة بالقرآن. ⏎ • الإيمان بالقدر: علمه أزلًا ثم كتبه، ولا يكون شيء إلا بمشيئته وخلقه.;صياغة تعليمية مساعدة;24;خلاصة مستحدثة تلخّص الدرس؛ يحتاج تأكيد أنها لا تخلّ بمعنى النصّ ولا تختصره اختصالًا مخلًّا.;متوسطة;بانتظار المراجعة;;;وَهِيَ سِتَّةٌ: (الْإِيمَانُ بِاللهِ، وَمَلَائِكَتِهِ، وَكُتُبِهِ، وَرُسُلِهِ، وَالْيَوْمِ الْآخِرِ، وَالْقَدَرِ خَيْرِهِ وَشَرِّهِ).;;u3/u3l2/summary;#/lesson/u3/u3l2
75;مراتب الدين;الإحسان;خلاصة الدرس;• الإحسان ركن واحد: أن تعبد الله كأنك تراه، فإن لم تكن تراه فإنه يراك.;صياغة تعليمية مساعدة;26;خلاصة مستحدثة تلخّص الدرس؛ يحتاج تأكيد أنها لا تخلّ بمعنى النصّ ولا تختصره اختصالًا مخلًّا.;متوسطة;بانتظار المراجعة;;;رُكْنٌ وَاحِدٌ: أَنْ تَعْبُدَ اللهَ كَأَنَّكَ تَرَاهُ، فَإِنْ لَمْ تَكُنْ تَرَاهُ فَإِنَّهُ يَرَاكَ.;;u3/u3l3/summary;#/lesson/u3/u3l3
76;مراتب الدين;الإحسان;ملحوظة تعليمية;الإحسان مرتبة مراقبة: لا يتغيّر عملك سواءً رآك الناس أم لا، لأنّ الله يراك في الحالين.;صياغة تعليمية مساعدة;26;ملحوظة تعليمية مستحدثة تُعرض ضمن محتوى الدرس؛ يحتاج تأكيد أنها لا تضيف حكمًا ولا تفسيرًا من خارج الكتاب.;متوسطة;بانتظار المراجعة;;;رُكْنٌ وَاحِدٌ: أَنْ تَعْبُدَ اللهَ كَأَنَّكَ تَرَاهُ، فَإِنْ لَمْ تَكُنْ تَرَاهُ فَإِنَّهُ يَرَاكَ.;;u3/u3l3/cards/c2;#/lesson/u3/u3l3
77;مراتب الدين;الإحسان;موقف تطبيقي (داخل الدرس);أنت وحدك في عملك ولا رقيب عليك. أيّ تصرّف يوافق مرتبة الإحسان؟ ⏎ ✔ أُتقن عملي لأنّ الله يراني ⏎ — أُقلّل العمل ما دام لا أحد يراقب ⏎ — أعمل بحسب مزاجي ⏎ — أنتظر حتى يأتي المدير ⏎ التفسير: لأنّ الإحسان: أن تعبد الله كأنك تراه، فإن لم تكن تراه فإنه يراك.;صياغة تعليمية مساعدة;26;موقف تطبيقي بصياغة مستحدثة يُعرض داخل الدرس؛ يحتاج تأكيد أنّ الحكم فيه مطابق لنصّ الكتاب.;متوسطة;بانتظار المراجعة;;;رُكْنٌ وَاحِدٌ: أَنْ تَعْبُدَ اللهَ كَأَنَّكَ تَرَاهُ، فَإِنْ لَمْ تَكُنْ تَرَاهُ فَإِنَّهُ يَرَاكَ.;;u3/u3l3/interaction/i2;#/lesson/u3/u3l3
80;الفقه;شروط الوضوء;خلاصة الدرس;• شروط الوضوء تسعة. ⏎ • منها: الإسلام والعقل والتمييز والنية واستصحاب حكمها. ⏎ • ومنها: طهورية الماء وإباحته، وإزالة ما يمنع وصوله إلى البشرة.;صياغة تعليمية مساعدة;30;خلاصة مستحدثة تلخّص الدرس؛ يحتاج تأكيد أنها لا تخلّ بمعنى النصّ ولا تختصره اختصالًا مخلًّا.;متوسطة;بانتظار المراجعة;;;وَهِيَ تِسْعَةٌ:;;u4/u4l1/summary;#/lesson/u4/u4l1
81;الفقه;شروط الوضوء;ملحوظة تعليمية;لاحظ أنّ الشروط تجمع بين شروطٍ في الشخص (الإسلام، العقل، التمييز، النية) وشروطٍ في الماء والبدن (طهورية الماء وإباحته، وإزالة الحائل).;صياغة تعليمية مساعدة;30;ملحوظة تعليمية مستحدثة تُعرض ضمن محتوى الدرس؛ يحتاج تأكيد أنها لا تضيف حكمًا ولا تفسيرًا من خارج الكتاب.;متوسطة;بانتظار المراجعة;;;وَهِيَ تِسْعَةٌ:;;u4/u4l1/cards/c3;#/lesson/u4/u4l1
82;الفقه;شروط الوضوء;موقف تطبيقي (داخل الدرس);على ظُفرك طلاءٌ سميك يمنع وصول الماء. ما الشرط الذي أخلَّ به؟ ⏎ ✔ إِزَالَةُ مَا يَمْنَعُ وُصُولَ الْمَاءِ إِلَى الْبَشَرَةِ ⏎ — النِّيَّةُ ⏎ — انْقِطَاعُ مُوجِبِ الْوُضُوءِ ⏎ — التَّمْيِيزُ ⏎ التفسير: هذا الشرط التاسع في الكتاب: «وَإِزَالَةُ مَا يَمْنَعُ وُصُولَهُ إِلَى الْبَشَرَةِ».;صياغة تعليمية مساعدة;30;موقف تطبيقي بصياغة مستحدثة يُعرض داخل الدرس؛ يحتاج تأكيد أنّ الحكم فيه مطابق لنصّ الكتاب.;متوسطة;بانتظار المراجعة;;;وَهِيَ تِسْعَةٌ:;;u4/u4l1/interaction/i2;#/lesson/u4/u4l1
85;الفقه;أركان الوضوء;خلاصة الدرس;• أركان الوضوء ستة. ⏎ • غسل الوجه ومنه المضمضة والاستنشاق، وغسل اليدين مع المرفقين، ومسح جميع الرأس، وغسل الرجلين مع الكعبين. ⏎ • والترتيب والموالاة ركنان أيضًا.;صياغة تعليمية مساعدة;30;خلاصة مستحدثة تلخّص الدرس؛ يحتاج تأكيد أنها لا تخلّ بمعنى النصّ ولا تختصره اختصالًا مخلًّا.;متوسطة;بانتظار المراجعة;;;وَهِيَ سِتَّةٌ:;;u4/u4l2/summary;#/lesson/u4/u4l2
88;الفقه;من سنن الوضوء;خلاصة الدرس;• من سنن الوضوء: السواك، والتسمية، وغسل الكفين ثلاثًا، والتثليث، والتخليل، ومسح الأذنين، وتقديم اليمنى. ⏎ • المبالغة في المضمضة والاستنشاق لغير الصائم. ⏎ • يُسنّ الوضوء لكل صلاة، إلا إذا صلّى صلوات وراء بعض كالجمع والتراويح.;صياغة تعليمية مساعدة;30;خلاصة مستحدثة تلخّص الدرس؛ يحتاج تأكيد أنها لا تخلّ بمعنى النصّ ولا تختصره اختصالًا مخلًّا.;متوسطة;بانتظار المراجعة;;;١: السِّوَاكُ. | ٢: قَوْلُ: (بِاسْمِ اللهِ). | ٣: غَسْلُ الْكَفَّيْنِ ثَلَاثًا. | ٤: بَدَاءَةٌ بِمَضْمَضَةٍ فَاسْتِنْشَاقٍ قَبْلَ غَسْلِ الْوَجْهِ. | ٥: مُبَالَغَةٌ فِيهِمَا لِغَيْرِ صَائِمٍ. | ٦: تَكْرَارُ غَسْلِ الْوَجْهِ -وَمِنْهُ الْمَضْمَضَةُ وَالِاسْتِنْشَاقُ- وَالْيَدَيْنِ وَالرِّجْلَيْنِ ثَلَاثَ مَرَّاتٍ. | ٧: تَخْلِيلُ الشَّعَرِ الْكَثِيفِ وَالْأَصَابِعِ. | ٨: أَخْذُ مَاءٍ جَدِيدٍ لِلرَّأْسِ. | ٩: الْبَدَاءَةُ بِمُقَدَّمِ الرَّأْسِ إِلَى الْقَفَا ثُمَّ الْعَوْدَةُ إِلَى الْمُقَدَّمِ، أَوِ الْبَدَاءَةُ بِالْمُقَدَّمِ إِلَى الْقَفَا مِنْ غَيْرِ عَوْدَةٍ. | ١٠: مَسْحُ الْأُذُنَيْنِ. | ١١;;u4/u4l3/summary;#/lesson/u4/u4l3
89;الفقه;من سنن الوضوء;موقف تطبيقي (داخل الدرس);لبست الجوربين على طهارة، ثم انتقض وضوؤك وأردت الوضوء. ماذا تفعل؟ ⏎ ✔ أتوضأ وأمسح على الجوربين ولا يُسنّ نزعهما ⏎ — أنزعهما وأغسل رجليّ وجوبًا ⏎ — أمسح على الجوربين بلا وضوء ⏎ — أعيد لبسهما بعد الغسل ⏎ التفسير: الكتاب: «فَإِنَّهُ يَتَوَضَّأُ وَيَمْسَحُ... وَلَا يُسَنُّ نَزْعُهُمَا لِيَغْسِلَ رِجْلَيْهِ».;صياغة تعليمية مساعدة;31;موقف تطبيقي بصياغة مستحدثة يُعرض داخل الدرس؛ يحتاج تأكيد أنّ الحكم فيه مطابق لنصّ الكتاب.;متوسطة;بانتظار المراجعة;;;١: السِّوَاكُ. | ٢: قَوْلُ: (بِاسْمِ اللهِ). | ٣: غَسْلُ الْكَفَّيْنِ ثَلَاثًا. | ٤: بَدَاءَةٌ بِمَضْمَضَةٍ فَاسْتِنْشَاقٍ قَبْلَ غَسْلِ الْوَجْهِ. | ٥: مُبَالَغَةٌ فِيهِمَا لِغَيْرِ صَائِمٍ. | ٦: تَكْرَارُ غَسْلِ الْوَجْهِ -وَمِنْهُ الْمَضْمَضَةُ وَالِاسْتِنْشَاقُ- وَالْيَدَيْنِ وَالرِّجْلَيْنِ ثَلَاثَ مَرَّاتٍ. | ٧: تَخْلِيلُ الشَّعَرِ الْكَثِيفِ وَالْأَصَابِعِ. | ٨: أَخْذُ مَاءٍ جَدِيدٍ لِلرَّأْسِ. | ٩: الْبَدَاءَةُ بِمُقَدَّمِ الرَّأْسِ إِلَى الْقَفَا ثُمَّ الْعَوْدَةُ إِلَى الْمُقَدَّمِ، أَوِ الْبَدَاءَةُ بِالْمُقَدَّمِ إِلَى الْقَفَا مِنْ غَيْرِ عَوْدَةٍ. | ١٠: مَسْحُ الْأُذُنَيْنِ. | ١١;;u4/u4l3/interaction/i2;#/lesson/u4/u4l3
92;الفقه;نواقض الوضوء;خلاصة الدرس;• نواقض الوضوء ستة. ⏎ • منها الخارج من السبيلين، وزوال العقل بنوم أو غيره. ⏎ • ومنها أكل لحم الإبل، والردة عن الإسلام.;صياغة تعليمية مساعدة;32;خلاصة مستحدثة تلخّص الدرس؛ يحتاج تأكيد أنها لا تخلّ بمعنى النصّ ولا تختصره اختصالًا مخلًّا.;متوسطة;بانتظار المراجعة;;;وَهِيَ سِتَّةٌ:;;u4/u4l4/summary;#/lesson/u4/u4l4
95;الفقه;شروط الصلاة;خلاصة الدرس;• شروط الصلاة تسعة. ⏎ • منها: رفع الحدث، وإزالة النجاسة، وستر العورة. ⏎ • ومنها: دخول الوقت، واستقبال القبلة، والنية.;صياغة تعليمية مساعدة;32;خلاصة مستحدثة تلخّص الدرس؛ يحتاج تأكيد أنها لا تخلّ بمعنى النصّ ولا تختصره اختصالًا مخلًّا.;متوسطة;بانتظار المراجعة;;;وَهِيَ تِسْعَةٌ:;;u4/u4l5/summary;#/lesson/u4/u4l5
96;الفقه;شروط الصلاة;موقف تطبيقي (داخل الدرس);صلّيت قبل دخول وقت الصلاة. أيّ شرط أخللت به؟ ⏎ ✔ دُخُولُ الْوَقْتِ ⏎ — النِّيَّةُ ⏎ — سَتْرُ الْعَوْرَةِ ⏎ — اسْتِقْبَالُ الْقِبْلَةِ ⏎ التفسير: «دُخُولُ الْوَقْتِ» شرط من شروط الصلاة التسعة في الكتاب.;صياغة تعليمية مساعدة;32;موقف تطبيقي بصياغة مستحدثة يُعرض داخل الدرس؛ يحتاج تأكيد أنّ الحكم فيه مطابق لنصّ الكتاب.;متوسطة;بانتظار المراجعة;;;وَهِيَ تِسْعَةٌ:;;u4/u4l5/interaction/i2;#/lesson/u4/u4l5
99;الفقه;أركان الصلاة;خلاصة الدرس;• أركان الصلاة أربعة عشر. ⏎ • منها: القيام مع القدرة، وتكبيرة الإحرام، وقراءة الفاتحة، والركوع، والاعتدال. ⏎ • ومنها: الطمأنينة في جميع الأفعال، والتشهد الأخير، والتسليمتان، والترتيب بين الأركان.;صياغة تعليمية مساعدة;32;خلاصة مستحدثة تلخّص الدرس؛ يحتاج تأكيد أنها لا تخلّ بمعنى النصّ ولا تختصره اختصالًا مخلًّا.;متوسطة;بانتظار المراجعة;;;وَهِيَ أَرْبَعَةَ عَشَرَ:;;u4/u4l6/summary;#/lesson/u4/u4l6
102;الفقه;واجبات الصلاة والفرق بينها وبين الأركان;خلاصة الدرس;• واجبات الصلاة ثمانية. ⏎ • قول (سمع الله لمن حمده) للإمام والمنفرد، و(ربنا ولك الحمد) للكل. ⏎ • الركن لا يسقط عمدًا ولا سهوًا ولا جهلًا، والواجب يسقط سهوًا وجهلًا ويُجبر بسجود السهو.;صياغة تعليمية مساعدة;33;خلاصة مستحدثة تلخّص الدرس؛ يحتاج تأكيد أنها لا تخلّ بمعنى النصّ ولا تختصره اختصالًا مخلًّا.;متوسطة;بانتظار المراجعة;;;وَهِيَ ثَمَانِيَةٌ:;;u4/u4l7/summary;#/lesson/u4/u4l7
104;الفقه;واجبات الصلاة والفرق بينها وبين الأركان;موقف تطبيقي (داخل الدرس);قمتَ سهوًا عن التشهد الأول. ماذا يترتب على ذلك بحسب الكتاب؟ ⏎ ✔ يسقط سهوًا ويُجبر بسجود السهو لأنه واجب ⏎ — تبطل الصلاة لأنه ركن ⏎ — لا شيء عليك مطلقًا ⏎ — تعيد الصلاة من أولها ⏎ التفسير: الكتاب: «وَأَمَّا الْوَاجِبُ فَيَسْقُطُ سَهْوًا وَجَهْلًا وَيُجْبَرُ بِسُجُودِ السَّهْوِ».;صياغة تعليمية مساعدة;34;موقف تطبيقي بصياغة مستحدثة يُعرض داخل الدرس؛ يحتاج تأكيد أنّ الحكم فيه مطابق لنصّ الكتاب.;متوسطة;بانتظار المراجعة;;;وَهِيَ ثَمَانِيَةٌ:;;u4/u4l7/interaction/i2;#/lesson/u4/u4l7
107;الفقه;من سنن الصلاة;خلاصة الدرس;• من سنن الصلاة: الاستفتاح، ووضع اليمنى على اليسرى، ورفع اليدين في المواضع الأربعة. ⏎ • التورّك في التشهد الأخير في الرباعية والثلاثية. ⏎ • الجهر في الفجر والجمعة والعيدين والاستسقاء والأوليين من المغرب والعشاء، والإسرار فيما عدا ذلك. ⏎ • ويُسنّ أن تكون الصلاة على النبي ﷺ بالصلاة الإبراهيمية.;صياغة تعليمية مساعدة;34;خلاصة مستحدثة تلخّص الدرس؛ يحتاج تأكيد أنها لا تخلّ بمعنى النصّ ولا تختصره اختصالًا مخلًّا.;متوسطة;بانتظار المراجعة;;;١: الِاسْتِفْتَاحُ. | ٢: جَعْلُ كَفِّ الْيَدِ الْيُمْنَى عَلَى الْيُسْرَى حِينَ الْقِيَامِ قَبْلَ الرُّكُوعِ وَبَعْدَهُ. | ٣: رَفْعُ الْيَدَيْنِ مَضْمُومَتَيِ الْأَصَابِعِ مَمْدُودَةً حَذْوَ الْمَنْكِبَيْنِ أَوِ الْأُذُنَيْنِ عِنْدَ التَّكْبِيرِ الْأَوَّلِ، وَعِنْدَ الرُّكُوعِ، وَالرَّفْعِ مِنْهُ، وَعِنْدَ الْقِيَامِ مِنَ التَّشَهُّدِ الْأَوَّلِ إِلَى الثَّالِثَةِ. | ٤: مَا زَادَ عَنْ وَاحِدَةٍ فِي تَسْبِيحِ الرُّكُوعِ وَالسُّجُودِ. | ٥: مَا زَادَ عَلَى قَوْلِ: (رَبَّنَا وَلَكَ الْحَمْدُ) بَعْدَ الْقِيَامِ مِنَ الرُّكُوعِ. | ٦: مَا زَادَ عَنْ وَاحِدَةٍ فِي الدُّعَاءِ بِالْمَغْفِرَةِ بَيْنَ الس;;u4/u4l8/summary;#/lesson/u4/u4l8
110;الفقه;مبطلات الصلاة;خلاصة الدرس;• مبطلات الصلاة ثمانية. ⏎ • منها: الكلام العمد مع الذكر والعلم، والضحك، والأكل، والشرب. ⏎ • ومنها: انكشاف العورة، والانحراف الكثير عن القبلة، والعبث الكثير المتوالي، وانتقاض الطهارة.;صياغة تعليمية مساعدة;36;خلاصة مستحدثة تلخّص الدرس؛ يحتاج تأكيد أنها لا تخلّ بمعنى النصّ ولا تختصره اختصالًا مخلًّا.;متوسطة;بانتظار المراجعة;;;وَهِيَ ثَمَانِيَةٌ:;;u4/u4l9/summary;#/lesson/u4/u4l9
113;الفقه;من صلاة التطوع;خلاصة الدرس;• السنن الرواتب: أربع قبل الظهر، وركعتان بعدها، وركعتان بعد المغرب، وركعتان بعد العشاء، وركعتان قبل الفجر. ⏎ • الضحى أقلها ركعتان ولا حدّ لأكثرها. ⏎ • الوتر أقله ركعة وأكثره إحدى عشرة، ووقته من بعد العشاء إلى الفجر.;صياغة تعليمية مساعدة;36;خلاصة مستحدثة تلخّص الدرس؛ يحتاج تأكيد أنها لا تخلّ بمعنى النصّ ولا تختصره اختصالًا مخلًّا.;متوسطة;بانتظار المراجعة;;;السُّنَنُ الرَّوَاتِبُ، وَهِيَ: أَرْبَعُ رَكَعَاتٍ قَبْلَ الظُّهْرِ، وَرَكْعَتَانِ بَعْدَهَا، وَرَكْعَتَانِ بَعْدَ الْمَغْرِبِ، وَرَكْعَتَانِ بَعْدَ الْعِشَاءِ، وَرَكْعَتَانِ قَبْلَ الْفَجْرِ.;;u4/u4l10/summary;#/lesson/u4/u4l10
114;الفقه;من صلاة التطوع;موقف تطبيقي (داخل الدرس);تخشى ألا تستيقظ آخر الليل. متى توتر؟ ⏎ ✔ أوتر قبل أن أنام ⏎ — أترك الوتر ⏎ — أوتر بعد الفجر ⏎ — أوتر ركعة واحدة فقط بعد الفجر ⏎ التفسير: الكتاب: «وَالْأَفْضَلُ أَنْ يَكُونَ آخِرَ اللَّيْلِ لِمَنْ يَغْلِبُ عَلَى ظَنِّهِ أَنْ يَقُومَ فِيهِ، وَإِلَّا أَوْتَرَ قَبْلَ أَنْ يَنَامَ».;صياغة تعليمية مساعدة;37;موقف تطبيقي بصياغة مستحدثة يُعرض داخل الدرس؛ يحتاج تأكيد أنّ الحكم فيه مطابق لنصّ الكتاب.;متوسطة;بانتظار المراجعة;;;السُّنَنُ الرَّوَاتِبُ، وَهِيَ: أَرْبَعُ رَكَعَاتٍ قَبْلَ الظُّهْرِ، وَرَكْعَتَانِ بَعْدَهَا، وَرَكْعَتَانِ بَعْدَ الْمَغْرِبِ، وَرَكْعَتَانِ بَعْدَ الْعِشَاءِ، وَرَكْعَتَانِ قَبْلَ الْفَجْرِ.;;u4/u4l10/interaction/i3;#/lesson/u4/u4l10
117;الأذكار والآداب;أذكار الصباح;خلاصة الدرس;• وقت أذكار الصباح من طلوع الفجر الثاني إلى طلوع الشمس. ⏎ • لا يلزم ترتيبها كما ذُكرت. ⏎ • من اعتادها فنسيها أو شُغل عنها بلا تفريط حتى خرج وقتها قالها بعده. ⏎ • وإن لم تقلها كلها فلا تتركها كلها.;صياغة تعليمية مساعدة;41;خلاصة مستحدثة تلخّص الدرس؛ يحتاج تأكيد أنها لا تخلّ بمعنى النصّ ولا تختصره اختصالًا مخلًّا.;متوسطة;بانتظار المراجعة;;;وَوَقْتُهَا مِنْ طُلُوعِ الْفَجْرِ الثَّانِي إِلَى طُلُوعِ الشَّمْسِ.;;u5/u5l1/summary;#/lesson/u5/u5l1
119;الأذكار والآداب;أذكار الصباح;موقف تطبيقي (داخل الدرس);شُغلت عن أذكار الصباح بلا تفريط حتى خرج وقتها. ماذا تفعل؟ ⏎ ✔ أقولها بعد خروج وقتها ⏎ — أتركها ولا شيء عليّ ⏎ — أضاعفها في المساء ⏎ — أقضيها في اليوم التالي ⏎ التفسير: الكتاب: «وَمَنِ اعْتَادَهَا فَنَسِيَهَا أَوْ شُغِلَ عَنْهَا بِلَا تَفْرِيطٍ حَتَّى خَرَجَ وَقْتُهَا؛ قَالَهَا بَعْدَهُ».;صياغة تعليمية مساعدة;46;موقف تطبيقي بصياغة مستحدثة يُعرض داخل الدرس؛ يحتاج تأكيد أنّ الحكم فيه مطابق لنصّ الكتاب.;متوسطة;بانتظار المراجعة;;;وَوَقْتُهَا مِنْ طُلُوعِ الْفَجْرِ الثَّانِي إِلَى طُلُوعِ الشَّمْسِ.;;u5/u5l1/interaction/i3;#/lesson/u5/u5l1
122;الأذكار والآداب;أذكار المساء;خلاصة الدرس;• وقت أذكار المساء من غروب الشمس إلى غياب الشفق الأحمر (ابتداء وقت العشاء). ⏎ • أكثر ألفاظها كأذكار الصباح مع تغيير (أصبحنا) إلى (أمسينا). ⏎ • ومنها: (أعوذ بكلمات الله التامات من شر ما خلق) وقراءة آخر آيتين من البقرة.;صياغة تعليمية مساعدة;44;خلاصة مستحدثة تلخّص الدرس؛ يحتاج تأكيد أنها لا تخلّ بمعنى النصّ ولا تختصره اختصالًا مخلًّا.;متوسطة;بانتظار المراجعة;;;وَوَقْتُهَا مِنْ غُرُوبِ الشَّمْسِ إِلَى غِيَابِ الشَّفَقِ الْأَحْمَرِ، وَهُوَ ابْتِدَاءُ وَقْتِ الْعِشَاءِ.;;u5/u5l2/summary;#/lesson/u5/u5l2
125;الأذكار والآداب;الأذكار بعد الصلوات الخمس;خلاصة الدرس;• يبدأ بالاستغفار ثلاثًا ثم (اللهم أنت السلام...)، وما بعده لم يثبت فيه ترتيب. ⏎ • للتسبيح والتحميد والتكبير خمس صفات، وله أن يقرن بينها وله أن يفرق. ⏎ • السنة الجهر بهذه الأذكار إلا آية الكرسي فتُقرأ سرًّا. ⏎ • وقت أذكار كل صلاة بعدها إلى خروج وقتها.;صياغة تعليمية مساعدة;47;خلاصة مستحدثة تلخّص الدرس؛ يحتاج تأكيد أنها لا تخلّ بمعنى النصّ ولا تختصره اختصالًا مخلًّا.;متوسطة;بانتظار المراجعة;;;يَسْتَغْفِرُ اللهَ ثَلَاثًا، وَيَقُولُ: (اللَّهُمَّ أَنْتَ السَّلَامُ، وَمِنْكَ السَّلَامُ، تَبَارَكْتَ يَا ذَا الْجَلَالِ وَالْإِكْرَامِ). هَذَا أَوَّلُ مَا يَبْدَأُ بِهِ مِنَ الْأَذْكَارِ، وَأَمَّا الَّذِي بَعْدَهُ فَلَمْ يَثْبُتْ فِيهِ تَرْتِيبٌ.;;u5/u5l3/summary;#/lesson/u5/u5l3
128;الأذكار والآداب;أذكار النوم;خلاصة الدرس;• يتوضأ، وينفض فراشه، ويضطجع على شقّه الأيمن. ⏎ • التسبيح ثلاث وثلاثون، والتحميد ثلاث وثلاثون، والتكبير أربع وثلاثون. ⏎ • يقرأ الإخلاص والمعوذتين في كفيه وينفث ويمسح، ثلاث مرات. ⏎ • ويجعل (اللهم أسلمت وجهي إليك...) آخر ما يقول.;صياغة تعليمية مساعدة;49;خلاصة مستحدثة تلخّص الدرس؛ يحتاج تأكيد أنها لا تخلّ بمعنى النصّ ولا تختصره اختصالًا مخلًّا.;متوسطة;بانتظار المراجعة;;;إِذَا أَرَدْتَ النَّوْمَ فَتَوَضَّأْ، ثُمَّ انْفُضْ فِرَاشَكَ، ثُمَّ اضْطَجِعْ عَلَى شِقِّكَ الْأَيْمَنِ، وَضَعْ يَدَكَ الْيُمْنَى تَحْتَ خَدِّكَ الْأَيْمَنِ، وَقُلْ:;;u5/u5l4/summary;#/lesson/u5/u5l4
131;الأذكار والآداب;أذكار الاستيقاظ من النوم;خلاصة الدرس;• ذكر الاستيقاظ: (الحمد لله الذي أحيانا بعدما أماتنا وإليه النشور). ⏎ • وتُقرأ خواتيم آل عمران عند الاستيقاظ من نوم الليل فقط.;صياغة تعليمية مساعدة;50;خلاصة مستحدثة تلخّص الدرس؛ يحتاج تأكيد أنها لا تخلّ بمعنى النصّ ولا تختصره اختصالًا مخلًّا.;متوسطة;بانتظار المراجعة;;;(الْحَمْدُ لِلهِ الَّذِي أَحْيَانَا بَعْدَمَا أَمَاتَنَا وَإِلَيْهِ النُّشُورُ).;;u5/u5l5/summary;#/lesson/u5/u5l5
134;الأذكار والآداب;إن رأى في نومه ما يكره;خلاصة الدرس;• ينفث عن يساره ثلاثًا، ويتعوذ بالله من شرّه، ولا يخبر به أحدًا.;صياغة تعليمية مساعدة;50;خلاصة مستحدثة تلخّص الدرس؛ يحتاج تأكيد أنها لا تخلّ بمعنى النصّ ولا تختصره اختصالًا مخلًّا.;متوسطة;بانتظار المراجعة;;;يَنْفُثُ عَنْ يَسَارِهِ ثَلَاثَ مَرَّاتٍ، وَيَتَعَوَّذُ بِاللهِ مِنْ شَرِّهِ، وَلَا يُخْبِرُ بِهِ أَحَدًا.;;u5/u5l6/summary;#/lesson/u5/u5l6
135;الأذكار والآداب;إن رأى في نومه ما يكره;موقف تطبيقي (داخل الدرس);رأيت رؤيا مزعجة واستيقظت خائفًا. ما أول ما تفعله بحسب الكتاب؟ ⏎ ✔ أنفث عن يساري ثلاثًا وأتعوذ بالله من شرها ولا أخبر بها أحدًا ⏎ — أتصل بأحد لأقصّها عليه ⏎ — أبحث عن تفسيرها ⏎ — أنشرها في وسائل التواصل ⏎ التفسير: الكتاب: «يَنْفُثُ عَنْ يَسَارِهِ ثَلَاثَ مَرَّاتٍ، وَيَتَعَوَّذُ بِاللهِ مِنْ شَرِّهِ، وَلَا يُخْبِرُ بِهِ أَحَدًا».;صياغة تعليمية مساعدة;50;موقف تطبيقي بصياغة مستحدثة يُعرض داخل الدرس؛ يحتاج تأكيد أنّ الحكم فيه مطابق لنصّ الكتاب.;متوسطة;بانتظار المراجعة;;;يَنْفُثُ عَنْ يَسَارِهِ ثَلَاثَ مَرَّاتٍ، وَيَتَعَوَّذُ بِاللهِ مِنْ شَرِّهِ، وَلَا يُخْبِرُ بِهِ أَحَدًا.;;u5/u5l6/interaction/i1;#/lesson/u5/u5l6
138;الأذكار والآداب;من استيقظ من الليل;خلاصة الدرس;• من استيقظ من الليل فقال هذا الذكر ثم دعا استُجيب له، فإن توضأ وصلّى قُبلت صلاته.;صياغة تعليمية مساعدة;51;خلاصة مستحدثة تلخّص الدرس؛ يحتاج تأكيد أنها لا تخلّ بمعنى النصّ ولا تختصره اختصالًا مخلًّا.;متوسطة;بانتظار المراجعة;;;(لَا إِلَهَ إِلَّا اللهُ وَحْدَهُ لَا شَرِيكَ لَهُ، لَهُ الْمُلْكُ، وَلَهُ الْحَمْدُ، وَهُوَ عَلَى كُلِّ شَيْءٍ قَدِيرٌ، الْحَمْدُ لِلهِ، وَسُبْحَانَ اللهِ، وَلَا إِلَهَ إِلَّا اللهُ، وَاللهُ أَكْبَرُ، وَلَا حَوْلَ وَلَا قُوَّةَ إِلَّا بِاللهِ).;;u5/u5l7/summary;#/lesson/u5/u5l7
141;الأذكار والآداب;آداب الأكل والشرب;خلاصة الدرس;• الأكل والشرب باليمين، جالسًا، مع التسمية، ويأكل مما يليه. ⏎ • إن نسي التسمية في أوله قال: (باسم الله أوله وآخره). ⏎ • شرب الماء على ثلاث دفعات، ولا يتنفس في الإناء. ⏎ • ولا يعيب طعامًا؛ إن اشتهاه أكله وإلا تركه.;صياغة تعليمية مساعدة;51;خلاصة مستحدثة تلخّص الدرس؛ يحتاج تأكيد أنها لا تخلّ بمعنى النصّ ولا تختصره اختصالًا مخلًّا.;متوسطة;بانتظار المراجعة;;;يَكُونُ بِالْيَمِينِ، جَالِسًا، وَيَقُولُ قَبْلَ الْأَكْلِ وَالشُّرْبِ: (بِاسْمِ اللهِ)، وَيَأْكُلُ مِمَّا يَلِيهِ.;;u5/u5l8/summary;#/lesson/u5/u5l8
143;الأذكار والآداب;آداب الأكل والشرب;موقف تطبيقي (داخل الدرس);بدأت الأكل ونسيت التسمية. ماذا تقول؟ ⏎ ✔ (بِاسْمِ اللهِ أَوَّلَهُ وَآخِرَهُ) ⏎ — (بِاسْمِ اللهِ) فقط ⏎ — (الْحَمْدُ لِلهِ) ⏎ — لا شيء عليّ ⏎ التفسير: الكتاب: «فَإِنْ نَسِيَ فِي أَوَّلِهِ فَلْيَقُلْ: (بِاسْمِ اللهِ أَوَّلَهُ وَآخِرَهُ)».;صياغة تعليمية مساعدة;51;موقف تطبيقي بصياغة مستحدثة يُعرض داخل الدرس؛ يحتاج تأكيد أنّ الحكم فيه مطابق لنصّ الكتاب.;متوسطة;بانتظار المراجعة;;;يَكُونُ بِالْيَمِينِ، جَالِسًا، وَيَقُولُ قَبْلَ الْأَكْلِ وَالشُّرْبِ: (بِاسْمِ اللهِ)، وَيَأْكُلُ مِمَّا يَلِيهِ.;;u5/u5l8/interaction/i1;#/lesson/u5/u5l8
146;الأذكار والآداب;آداب الخلاء;خلاصة الدرس;• عند الدخول: يقدّم اليسرى ويقول (بسم الله، اللهم إني أعوذ بك من الخبث والخبائث). ⏎ • عند الخروج: يقدّم اليمنى ويقول (غفرانك). ⏎ • ويحترز من البول، ولا يستنجي بيمينه، ولا يلبث فوق حاجته.;صياغة تعليمية مساعدة;52;خلاصة مستحدثة تلخّص الدرس؛ يحتاج تأكيد أنها لا تخلّ بمعنى النصّ ولا تختصره اختصالًا مخلًّا.;متوسطة;بانتظار المراجعة;;;عِنْدَ دُخُولِهِ يُقَدِّمُ رِجْلَهُ الْيُسْرَى وَيَقُولُ: (بِسْمِ اللهِ، اللَّهُمَّ إِنِّي أَعُوذُ بِكَ مِنَ الْخُبْثِ وَالْخَبَائِثِ).;;u5/u5l9/summary;#/lesson/u5/u5l9
149;الأذكار والآداب;السلام;خلاصة الدرس;• السلام: (السلام عليكم ورحمة الله وبركاته)، والردّ: (وعليكم السلام ورحمة الله وبركاته).;صياغة تعليمية مساعدة;52;خلاصة مستحدثة تلخّص الدرس؛ يحتاج تأكيد أنها لا تخلّ بمعنى النصّ ولا تختصره اختصالًا مخلًّا.;متوسطة;بانتظار المراجعة;;;إِذَا لَقِيتَ مُسْلِمًا فَسَلِّمْ عَلَيْهِ قَائِلًا: (السَّلَامُ عَلَيْكُمْ وَرَحْمَةُ اللهِ وَبَرَكَاتُهُ)، وَإِنْ سَلَّمَ عَلَيْكَ فَقُلْ: (وَعَلَيْكُمُ السَّلَامُ وَرَحْمَةُ اللهِ وَبَرَكَاتُهُ).;;u5/u5l10/summary;#/lesson/u5/u5l10
152;الأذكار والآداب;الاستئذان وآداب المجلس;خلاصة الدرس;• الاستئذان واقفًا عن يمين الباب أو يساره، ويُكرَّر ثلاثًا فقط. ⏎ • إذا سُئل: مَن؟ يقول اسمه ولا يقول: أنا. ⏎ • من آداب المجلس: الجلوس حيث ينتهي به المجلس، وألا يفرّق بين اثنين، وأن يفسح لمن دخل، ويذكر الله.;صياغة تعليمية مساعدة;52;خلاصة مستحدثة تلخّص الدرس؛ يحتاج تأكيد أنها لا تخلّ بمعنى النصّ ولا تختصره اختصالًا مخلًّا.;متوسطة;بانتظار المراجعة;;;إِذَا أَرَدْتَ الدُّخُولَ عَلَى أَحَدٍ فَاسْتَأْذِنْ، وَاقِفًا عَنْ يَمِينِ الْبَابِ أَوْ يَسَارِهِ، وَإِنْ أَرَدْتَ أَنْ تُكَرِّرَ الِاسْتِئْذَانَ فَكَرِّرْهُ ثَلَاثًا فَقَطْ، فَإِنْ سَأَلَكَ فَقَالَ: مَنْ؟ فَقُلْ: فُلَانٌ، وَلَا تَقُلْ: أَنَا. فَإِنْ أَذِنَ لَكَ دَخَلْتَ، وَإِنْ قِيلَ لَكَ: ارْجِعْ. فَارْجِعْ.;;u5/u5l11/summary;#/lesson/u5/u5l11
153;الأذكار والآداب;الاستئذان وآداب المجلس;موقف تطبيقي (داخل الدرس);استأذنت ثلاثًا ولم يُؤذن لك. ما التصرّف؟ ⏎ ✔ أرجع ⏎ — أكرّر الاستئذان حتى يُفتح لي ⏎ — أدخل لأنّ الباب مفتوح ⏎ — أتصل بهم مرارًا ⏎ التفسير: الكتاب: «فَكَرِّرْهُ ثَلَاثًا فَقَطْ... وَإِنْ قِيلَ لَكَ: ارْجِعْ. فَارْجِعْ».;صياغة تعليمية مساعدة;52;موقف تطبيقي بصياغة مستحدثة يُعرض داخل الدرس؛ يحتاج تأكيد أنّ الحكم فيه مطابق لنصّ الكتاب.;متوسطة;بانتظار المراجعة;;;إِذَا أَرَدْتَ الدُّخُولَ عَلَى أَحَدٍ فَاسْتَأْذِنْ، وَاقِفًا عَنْ يَمِينِ الْبَابِ أَوْ يَسَارِهِ، وَإِنْ أَرَدْتَ أَنْ تُكَرِّرَ الِاسْتِئْذَانَ فَكَرِّرْهُ ثَلَاثًا فَقَطْ، فَإِنْ سَأَلَكَ فَقَالَ: مَنْ؟ فَقُلْ: فُلَانٌ، وَلَا تَقُلْ: أَنَا. فَإِنْ أَذِنَ لَكَ دَخَلْتَ، وَإِنْ قِيلَ لَكَ: ارْجِعْ. فَارْجِعْ.;;u5/u5l11/interaction/i2;#/lesson/u5/u5l11
156;الأذكار والآداب;أذكار المسجد;خلاصة الدرس;• دخول المسجد: (اللهم افتح لي أبواب رحمتك)، والخروج: (اللهم إني أسألك من فضلك).;صياغة تعليمية مساعدة;53;خلاصة مستحدثة تلخّص الدرس؛ يحتاج تأكيد أنها لا تخلّ بمعنى النصّ ولا تختصره اختصالًا مخلًّا.;متوسطة;بانتظار المراجعة;;;يَقُولُ عِنْدَ دُخُولِهِ: (اللَّهُمَّ افْتَحْ لِي أَبْوَابَ رَحْمَتِكَ). وَعِنْدَ خُرُوجِهِ: (اللَّهُمَّ إِنِّي أَسْأَلُكَ مِنْ فَضْلِكَ).;;u5/u5l12/summary;#/lesson/u5/u5l12
157;الأذكار والآداب;أذكار المسجد;ملحوظة تعليمية;عند الدخول تسأل الرحمة لأنك مُقبل على العبادة، وعند الخروج تسأل الفضل لأنك مُقبل على طلب الرزق.;صياغة تعليمية مساعدة;53;ملحوظة تعليمية مستحدثة تُعرض ضمن محتوى الدرس؛ يحتاج تأكيد أنها لا تضيف حكمًا ولا تفسيرًا من خارج الكتاب.;متوسطة;بانتظار المراجعة;;;يَقُولُ عِنْدَ دُخُولِهِ: (اللَّهُمَّ افْتَحْ لِي أَبْوَابَ رَحْمَتِكَ). وَعِنْدَ خُرُوجِهِ: (اللَّهُمَّ إِنِّي أَسْأَلُكَ مِنْ فَضْلِكَ).;;u5/u5l12/cards/c2;#/lesson/u5/u5l12
160;الأذكار والآداب;عند العطاس;خلاصة الدرس;• العاطس يغطّي وجهه ويقول: (الحمد لله). ⏎ • من سمعه يقول: (يرحمك الله). ⏎ • فيردّ العاطس: (يهديكم الله ويصلح بالكم).;صياغة تعليمية مساعدة;53;خلاصة مستحدثة تلخّص الدرس؛ يحتاج تأكيد أنها لا تخلّ بمعنى النصّ ولا تختصره اختصالًا مخلًّا.;متوسطة;بانتظار المراجعة;;;يُغَطِّي الْعَاطِسُ وَجْهَهُ، فَإِذَا عَطَسَ يَقُولُ: (الْحَمْدُ لِلهِ). وَيَرُدُّ عَلَيْهِ مَنْ سَمِعَهُ فَيَقُولُ: (يَرْحَمُكَ اللهُ). فَيَرُدُّ عَلَيْهِ وَيَقُولُ: (يَهْدِيكُمُ اللهُ وَيُصْلِحُ بَالَكُمْ).;;u5/u5l13/summary;#/lesson/u5/u5l13
163;الأذكار والآداب;التثاؤب;خلاصة الدرس;• يردّ التثاؤب ما استطاع، ويمسك بيده على فيه، ولا يقول: آهْ آهْ، وليس له ذكر خاص.;صياغة تعليمية مساعدة;54;خلاصة مستحدثة تلخّص الدرس؛ يحتاج تأكيد أنها لا تخلّ بمعنى النصّ ولا تختصره اختصالًا مخلًّا.;متوسطة;بانتظار المراجعة;;;يَرُدُّهُ مَا اسْتَطَاعَ، وَيُمْسِكُ بِيَدِهِ عَلَى فِيهِ، وَلَا يَقُولُ: آهْ آهْ. وَلَيْسَ لَهُ ذِكْرٌ خَاصٌّ.;;u5/u5l14/summary;#/lesson/u5/u5l14
166;الأذكار والآداب;عند الكرب;خلاصة الدرس;• دعاء الكرب يجمع بين التوحيد وتعظيم الله وربوبيته للسماوات والأرض والعرش.;صياغة تعليمية مساعدة;54;خلاصة مستحدثة تلخّص الدرس؛ يحتاج تأكيد أنها لا تخلّ بمعنى النصّ ولا تختصره اختصالًا مخلًّا.;متوسطة;بانتظار المراجعة;;;(لَا إِلَهَ إِلَّا اللهُ الْعَظِيمُ الْحَلِيمُ، لَا إِلَهَ إِلَّا اللهُ رَبُّ الْعَرْشِ الْعَظِيمِ، لَا إِلَهَ إِلَّا اللهُ رَبُّ السَّمَاوَاتِ وَرَبُّ الْأَرْضِ وَرَبُّ الْعَرْشِ الْعَظِيمِ).;;u5/u5l15/summary;#/lesson/u5/u5l15
169;الأذكار والآداب;الاستخارة;خلاصة الدرس;• الاستخارة عند التردّد بين فعل أمر أو تركه، أو بين أمرين. ⏎ • يصلّي ركعتين ثم يدعو بعد السلام. ⏎ • ويُسمّي حاجته في موضعيها من الدعاء.;صياغة تعليمية مساعدة;54;خلاصة مستحدثة تلخّص الدرس؛ يحتاج تأكيد أنها لا تخلّ بمعنى النصّ ولا تختصره اختصالًا مخلًّا.;متوسطة;بانتظار المراجعة;;;إِذَا تَرَدَّدَ بَيْنَ فِعْلِ أَمْرٍ أَوْ تَرْكِهِ، أَوْ تَرَدَّدَ بَيْنَ أَمْرَيْنِ أَيَّهُمَا يَفْعَلُهُ، فَإِنَّهُ يُصَلِّي رَكْعَتَيْنِ، وَيَقُولُ بَعْدَمَا يُسَلِّمُ مِنَ الصَّلَاةِ:;;u5/u5l16/summary;#/lesson/u5/u5l16
173;الأذكار والآداب;صلة الرحم;خلاصة الدرس;• الرحم: الأقارب في النسب من جهة الأب والأم، الأقرب فالأقرب، وأعظمهم الوالدان. ⏎ • الصلة تكون بما جرى به العرف واتّبعه الناس. ⏎ • من وصل رحمه وصله الله، ومن قطعها قطعه الله.;صياغة تعليمية مساعدة;55;خلاصة مستحدثة تلخّص الدرس؛ يحتاج تأكيد أنها لا تخلّ بمعنى النصّ ولا تختصره اختصالًا مخلًّا.;متوسطة;بانتظار المراجعة;;;وَهُمُ الْأَقَارِبُ فِي النَّسَبِ مِنْ جِهَةِ الْأَبِ وَالْأُمِّ، الْأَقْرَبُ فَالْأَقْرَبُ، وَالْوَاجِبُ مِنْ ذَلِكَ: كُلُّ أُنْثَى يَحْرُمُ نِكَاحُهَا مِنْ جِهَةِ النَّسَبِ، وَكُلُّ رَجُلٍ لَوْ كَانَ أُنْثَى حَرُمَ نِكَاحُهُ مِنْ جِهَةِ النَّسَبِ، وَأَعْظَمُهُمُ الْوَالِدَانِ.;;u5/u5l17/summary;#/lesson/u5/u5l17
176;الأخلاق;الصدق;خلاصة الدرس;• أمر الله بالصدق ومصاحبة الصادقين. ⏎ • الصدق يهدي إلى البرّ، والبرّ يهدي إلى الجنة. ⏎ • الكذب يهدي إلى الفجور، والفجور يهدي إلى النار.;صياغة تعليمية مساعدة;59;خلاصة مستحدثة تلخّص الدرس؛ يحتاج تأكيد أنها لا تخلّ بمعنى النصّ ولا تختصره اختصالًا مخلًّا.;متوسطة;بانتظار المراجعة;;;«إِنَّ الصِّدْقَ يَهْدِي إِلَى الْبِرِّ، وَإِنَّ الْبِرَّ يَهْدِي إِلَى الْجَنَّةِ، وَإِنَّ الرَّجُلَ لَيَصْدُقُ حَتَّى يَكُونَ صِدِّيقًا. وَإِنَّ الْكَذِبَ يَهْدِي إِلَى الْفُجُورِ، وَإِنَّ الْفُجُورَ يَهْدِي إِلَى النَّارِ، وَإِنَّ الرَّجُلَ لَيَكْذِبُ حَتَّى يُكْتَبَ عِنْدَ اللهِ كَذَّابًا»;;u6/u6l1/summary;#/lesson/u6/u6l1
181;الأخلاق;الصبر;خلاصة الدرس;• ﴿إِنَّمَا يُوَفَّى الصَّابِرُونَ أَجْرَهُمْ بِغَيْرِ حِسَابٍ﴾. ⏎ • من يتصبّر يصبّره الله. ⏎ • الصبر أوسع عطاء أُعطيه أحد.;صياغة تعليمية مساعدة;59;خلاصة مستحدثة تلخّص الدرس؛ يحتاج تأكيد أنها لا تخلّ بمعنى النصّ ولا تختصره اختصالًا مخلًّا.;متوسطة;بانتظار المراجعة;;;«وَمَنْ يَتَصَبَّرْ يُصَبِّرْهُ اللهُ، وَمَا أُعْطِيَ أَحَدٌ عَطَاءً خَيْرًا وَأَوْسَعَ مِنَ الصَّبْرِ»;;u6/u6l2/summary;#/lesson/u6/u6l2
185;الأخلاق;الأمانة;خلاصة الدرس;• أمر الله بأداء الأمانات إلى أهلها. ⏎ • آية المنافق ثلاث: إذا حدّث كذب، وإذا وعد أخلف، وإذا اؤتمن خان.;صياغة تعليمية مساعدة;60;خلاصة مستحدثة تلخّص الدرس؛ يحتاج تأكيد أنها لا تخلّ بمعنى النصّ ولا تختصره اختصالًا مخلًّا.;متوسطة;بانتظار المراجعة;;;«آيَةُ الْمُنَافِقِ ثَلَاثٌ: إِذَا حَدَّثَ كَذَبَ، وَإِذَا وَعَدَ أَخْلَفَ، وَإِذَا اؤْتُمِنَ خَانَ»;;u6/u6l3/summary;#/lesson/u6/u6l3
187;الأخلاق;الأمانة;موقف تطبيقي (داخل الدرس);استُودِعت مبلغًا لصاحبه وطلبه منك. ما مقتضى الآية؟ ⏎ ✔ أؤدّي الأمانة إلى أهلها ⏎ — أؤخّرها حتى أستفيد منها ⏎ — أعطيه بعضها ⏎ — أعتذر بالنسيان ⏎ التفسير: ﴿إِنَّ اللَّهَ يَأْمُرُكُمْ أَنْ تُؤَدُّوا الْأَمَانَاتِ إِلَىٰ أَهْلِهَا﴾.;صياغة تعليمية مساعدة;60;موقف تطبيقي بصياغة مستحدثة يُعرض داخل الدرس؛ يحتاج تأكيد أنّ الحكم فيه مطابق لنصّ الكتاب.;متوسطة;بانتظار المراجعة;;;«آيَةُ الْمُنَافِقِ ثَلَاثٌ: إِذَا حَدَّثَ كَذَبَ، وَإِذَا وَعَدَ أَخْلَفَ، وَإِذَا اؤْتُمِنَ خَانَ»;;u6/u6l3/interaction/i2;#/lesson/u6/u6l3
190;الأخلاق;العفاف;خلاصة الدرس;• العفاف: الكفّ عما لا يحلّ، ومن أخطره الشهوات المحرمة. ⏎ • قصة يوسف عليه السلام مثالٌ قرآني للعفاف. ⏎ • كان النبي ﷺ يسأل الله الهدى والتقى والعفاف والغنى.;صياغة تعليمية مساعدة;60;خلاصة مستحدثة تلخّص الدرس؛ يحتاج تأكيد أنها لا تخلّ بمعنى النصّ ولا تختصره اختصالًا مخلًّا.;متوسطة;بانتظار المراجعة;;;وَهِيَ الْكَفُّ عَمَّا لَا يَحِلُّ، وَمِنْ أَخْطَرِهِ الشَّهَوَاتُ الْمُحَرَّمَةُ.;;u6/u6l4/summary;#/lesson/u6/u6l4
194;الأخلاق;الحياء;خلاصة الدرس;• الحياء من الإيمان. ⏎ • استدلّ الكتاب بآية الأحزاب في أدب الدخول على بيوت النبي ﷺ.;صياغة تعليمية مساعدة;61;خلاصة مستحدثة تلخّص الدرس؛ يحتاج تأكيد أنها لا تخلّ بمعنى النصّ ولا تختصره اختصالًا مخلًّا.;متوسطة;بانتظار المراجعة;;;«إِنَّ الْحَيَاءَ مِنَ الْإِيمَانِ»;;u6/u6l5/summary;#/lesson/u6/u6l5
198;الأخلاق;الشجاعة;خلاصة الدرس;• ﴿وَلَا تَهِنُوا وَلَا تَحْزَنُوا وَأَنْتُمُ الْأَعْلَوْنَ إِنْ كُنْتُمْ مُؤْمِنِينَ﴾. ⏎ • كان النبي ﷺ أحسن الناس وأشجع الناس وأجود الناس. ⏎ • وسبق أهل المدينة إلى مصدر الفزع على فرس.;صياغة تعليمية مساعدة;61;خلاصة مستحدثة تلخّص الدرس؛ يحتاج تأكيد أنها لا تخلّ بمعنى النصّ ولا تختصره اختصالًا مخلًّا.;متوسطة;بانتظار المراجعة;;;كَانَ النَّبِيُّ ﷺ أَحْسَنَ النَّاسِ وَأَشْجَعَ النَّاسِ وَأَجْوَدَ النَّاسِ، وَلَقَدْ فَزِعَ أَهْلُ الْمَدِينَةِ، فَكَانَ النَّبِيُّ ﷺ سَبَقَهُمْ عَلَى فَرَسٍ.;;u6/u6l6/summary;#/lesson/u6/u6l6
202;الأخلاق;الكرم;خلاصة الدرس;• ﴿وَمِمَّا رَزَقْنَاهُمْ يُنْفِقُونَ﴾ من صفات المؤمنين حقًّا. ⏎ • إنّ الله كريم يحبّ الكرم، ويحبّ معالي الأخلاق، ويكره سفسافها.;صياغة تعليمية مساعدة;62;خلاصة مستحدثة تلخّص الدرس؛ يحتاج تأكيد أنها لا تخلّ بمعنى النصّ ولا تختصره اختصالًا مخلًّا.;متوسطة;بانتظار المراجعة;;;«إِنَّ اللهَ كَرِيمٌ يُحِبُّ الْكَرَمَ، وَيُحِبُّ مَعَالِيَ الْأَخْلَاقِ، وَيَكْرَهُ سَفْسَافَهَا»;;u6/u6l7/summary;#/lesson/u6/u6l7
206;الأخلاق;الوفاء;خلاصة الدرس;• ﴿وَأَوْفُوا بِالْعَهْدِ ۖ إِنَّ الْعَهْدَ كَانَ مَسْئُولًا﴾. ⏎ • أربع من كنّ فيه كان منافقًا خالصًا: الخيانة، والكذب، والغدر، والفجور في الخصومة.;صياغة تعليمية مساعدة;62;خلاصة مستحدثة تلخّص الدرس؛ يحتاج تأكيد أنها لا تخلّ بمعنى النصّ ولا تختصره اختصالًا مخلًّا.;متوسطة;بانتظار المراجعة;;;«أَرْبَعٌ مَنْ كُنَّ فِيهِ كَانَ مُنَافِقًا خَالِصًا، وَمَنْ كَانَتْ فِيهِ خَصْلَةٌ مِنْهُنَّ كَانَتْ فِيهِ خَصْلَةٌ مِنَ النِّفَاقِ حَتَّى يَدَعَهَا: إِذَا اؤْتُمِنَ خَانَ، وَإِذَا حَدَّثَ كَذَبَ، وَإِذَا عَاهَدَ غَدَرَ، وَإِذَا خَاصَمَ فَجَرَ»;;u6/u6l8/summary;#/lesson/u6/u6l8
210;الأخلاق;حسن الجوار;خلاصة الدرس;• أمرت الآية بالإحسان إلى الجار ذي القربى والجار الجنب والصاحب بالجنب. ⏎ • ما زال جبريل يوصي النبي ﷺ بالجار حتى ظنّ أنه سيورّثه.;صياغة تعليمية مساعدة;63;خلاصة مستحدثة تلخّص الدرس؛ يحتاج تأكيد أنها لا تخلّ بمعنى النصّ ولا تختصره اختصالًا مخلًّا.;متوسطة;بانتظار المراجعة;;;«مَا زَالَ جِبْرِيلُ يُوصِينِي بِالْجَارِ حَتَّى ظَنَنْتُ أَنَّهُ سَيُوَرِّثُهُ»;;u6/u6l9/summary;#/lesson/u6/u6l9
215;الأخلاق;مساعدة ذي الحاجة;خلاصة الدرس;• ﴿وَافْعَلُوا الْخَيْرَ لَعَلَّكُمْ تُفْلِحُونَ﴾. ⏎ • من نفّس كربة نفّس الله عنه، ومن يسّر على معسر يسّر الله عليه. ⏎ • والله في عون العبد ما كان العبد في عون أخيه.;صياغة تعليمية مساعدة;63;خلاصة مستحدثة تلخّص الدرس؛ يحتاج تأكيد أنها لا تخلّ بمعنى النصّ ولا تختصره اختصالًا مخلًّا.;متوسطة;بانتظار المراجعة;;;«مَنْ نَفَّسَ عَنْ مُؤْمِنٍ كُرْبَةً مِنْ كُرَبِ الدُّنْيَا، نَفَّسَ اللهُ عَنْهُ كُرْبَةً مِنْ كُرَبِ يَوْمِ الْقِيَامَةِ، وَمَنْ يَسَّرَ عَلَى مُعْسِرٍ، يَسَّرَ اللهُ عَلَيْهِ فِي الدُّنْيَا وَالْآخِرَةِ، وَمَنْ سَتَرَ مُسْلِمًا، سَتَرَهُ اللهُ فِي الدُّنْيَا وَالْآخِرَةِ، وَاللهُ فِي عَوْنِ الْعَبْدِ مَا كَانَ الْعَبْدُ فِي عَوْنِ أَخِيهِ»;;u6/u6l10/summary;#/lesson/u6/u6l10
219;الرقائق;الخوف والرجاء;خلاصة الدرس;• ﴿نَبِّئْ عِبَادِي أَنِّي أَنَا الْغَفُورُ الرَّحِيمُ ۝ وَأَنَّ عَذَابِي هُوَ الْعَذَابُ الْأَلِيمُ﴾. ⏎ • الحديث يجمع بين سعة رحمة الله وشدة عقوبته.;صياغة تعليمية مساعدة;67;خلاصة مستحدثة تلخّص الدرس؛ يحتاج تأكيد أنها لا تخلّ بمعنى النصّ ولا تختصره اختصالًا مخلًّا.;متوسطة;بانتظار المراجعة;;;«لَوْ يَعْلَمُ الْمُؤْمِنُ مَا عِنْدَ اللهِ مِنَ الْعُقُوبَةِ، مَا طَمِعَ بِجَنَّتِهِ أَحَدٌ، وَلَوْ يَعْلَمُ الْكَافِرُ مَا عِنْدَ اللهِ مِنَ الرَّحْمَةِ، مَا قَنَطَ مِنْ جَنَّتِهِ أَحَدٌ»;;u7/u7l1/summary;#/lesson/u7/u7l1
223;الرقائق;الصحة والفراغ;خلاصة الدرس;• ﴿وَإِنْ تَعُدُّوا نِعْمَتَ اللَّهِ لَا تُحْصُوهَا﴾. ⏎ • نعمتان مغبون فيهما كثير من الناس: الصحة والفراغ.;صياغة تعليمية مساعدة;67;خلاصة مستحدثة تلخّص الدرس؛ يحتاج تأكيد أنها لا تخلّ بمعنى النصّ ولا تختصره اختصالًا مخلًّا.;متوسطة;بانتظار المراجعة;;;«نِعْمَتَانِ مَغْبُونٌ فِيهِمَا كَثِيرٌ مِنَ النَّاسِ: الصِّحَّةُ وَالْفَرَاغُ»;;u7/u7l2/summary;#/lesson/u7/u7l2
228;الرقائق;المبادرة بالأعمال الصالحة;خلاصة الدرس;• بادروا بالأعمال فتنًا كقطع الليل المظلم، يبيع الرجل فيها دينه بعرض من الدنيا.;صياغة تعليمية مساعدة;67;خلاصة مستحدثة تلخّص الدرس؛ يحتاج تأكيد أنها لا تخلّ بمعنى النصّ ولا تختصره اختصالًا مخلًّا.;متوسطة;بانتظار المراجعة;;;«بَادِرُوا بِالْأَعْمَالِ، فِتَنًا كَقِطَعِ اللَّيْلِ الْمُظْلِمِ، يُصْبِحُ الرَّجُلُ مُؤْمِنًا وَيُمْسِي كَافِرًا، أَوْ يُمْسِي مُؤْمِنًا وَيُصْبِحُ كَافِرًا، يَبِيعُ دِينَهُ بِعَرَضٍ مِنَ الدُّنْيَا»;;u7/u7l3/summary;#/lesson/u7/u7l3
231;الرقائق;عابر سبيل;خلاصة الدرس;• «كن في الدنيا كأنك غريب أو عابر سبيل». ⏎ • وكان ابن عمر يقول: إذا أمسيت فلا تنتظر الصباح... وخذ من صحتك لمرضك، ومن حياتك لموتك.;صياغة تعليمية مساعدة;68;خلاصة مستحدثة تلخّص الدرس؛ يحتاج تأكيد أنها لا تخلّ بمعنى النصّ ولا تختصره اختصالًا مخلًّا.;متوسطة;بانتظار المراجعة;;;«كُنْ فِي الدُّنْيَا كَأَنَّكَ غَرِيبٌ أَوْ عَابِرُ سَبِيلٍ»;;u7/u7l4/summary;#/lesson/u7/u7l4
234;الرقائق;الصور والأعمال;خلاصة الدرس;• إنّ الله لا ينظر إلى صوركم وأموالكم، ولكن ينظر إلى قلوبكم وأعمالكم.;صياغة تعليمية مساعدة;68;خلاصة مستحدثة تلخّص الدرس؛ يحتاج تأكيد أنها لا تخلّ بمعنى النصّ ولا تختصره اختصالًا مخلًّا.;متوسطة;بانتظار المراجعة;;;«إِنَّ اللهَ لَا يَنْظُرُ إِلَى صُوَرِكُمْ وَأَمْوَالِكُمْ، وَلَكِنْ يَنْظُرُ إِلَى قُلُوبِكُمْ وَأَعْمَالِكُمْ»;;u7/u7l5/summary;#/lesson/u7/u7l5
237;الرقائق;لا يتبعك إلا عملك;خلاصة الدرس;• يتبع الميت ثلاثة: أهله وماله وعمله، فيرجع أهله وماله ويبقى عمله.;صياغة تعليمية مساعدة;68;خلاصة مستحدثة تلخّص الدرس؛ يحتاج تأكيد أنها لا تخلّ بمعنى النصّ ولا تختصره اختصالًا مخلًّا.;متوسطة;بانتظار المراجعة;;;«يَتْبَعُ الْمَيِّتَ ثَلَاثَةٌ، فَيَرْجِعُ اثْنَانِ وَيَبْقَى وَاحِدٌ، يَتْبَعُهُ أَهْلُهُ وَمَالُهُ وَعَمَلُهُ، فَيَرْجِعُ أَهْلُهُ وَمَالُهُ وَيَبْقَى عَمَلُهُ»;;u7/u7l6/summary;#/lesson/u7/u7l6
240;الرقائق;برحمة الله لا بالعمل;خلاصة الدرس;• سدّدوا وقاربوا وأبشروا، فإنه لن يُدخل الجنة أحدًا عمله. ⏎ • «ولا أنا، إلا أن يتغمّدني الله منه برحمة». ⏎ • أحبّ العمل إلى الله أدومه وإن قلّ.;صياغة تعليمية مساعدة;69;خلاصة مستحدثة تلخّص الدرس؛ يحتاج تأكيد أنها لا تخلّ بمعنى النصّ ولا تختصره اختصالًا مخلًّا.;متوسطة;بانتظار المراجعة;;;«سَدِّدُوا وَقَارِبُوا، وَأَبْشِرُوا، فَإِنَّهُ لَنْ يُدْخِلَ الْجَنَّةَ أَحَدًا عَمَلُهُ» قَالُوا: وَلَا أَنْتَ يَا رَسُولَ اللهِ؟ قَالَ: «وَلَا أَنَا، إِلَّا أَنْ يَتَغَمَّدَنِيَ اللهُ مِنْهُ بِرَحْمَةٍ، وَاعْلَمُوا أَنَّ أَحَبَّ الْعَمَلِ إِلَى اللهِ أَدْوَمُهُ وَإِنْ قَلَّ»;;u7/u7l7/summary;#/lesson/u7/u7l7
242;الرقائق;برحمة الله لا بالعمل;موقف تطبيقي (داخل الدرس);تريد أن تبدأ وردًا من القرآن. أيّ اختيار يوافق الحديث؟ ⏎ ✔ صفحة واحدة كل يوم أداوم عليها ⏎ — جزء كامل يومًا ثم أنقطع أسبوعًا ⏎ — أؤجّل حتى أتفرّغ ⏎ — أقرأ عشرة أجزاء في يوم واحد فقط ⏎ التفسير: لأنّ أحبّ العمل إلى الله أدومه وإن قلّ.;صياغة تعليمية مساعدة;69;موقف تطبيقي بصياغة مستحدثة يُعرض داخل الدرس؛ يحتاج تأكيد أنّ الحكم فيه مطابق لنصّ الكتاب.;متوسطة;بانتظار المراجعة;;;«سَدِّدُوا وَقَارِبُوا، وَأَبْشِرُوا، فَإِنَّهُ لَنْ يُدْخِلَ الْجَنَّةَ أَحَدًا عَمَلُهُ» قَالُوا: وَلَا أَنْتَ يَا رَسُولَ اللهِ؟ قَالَ: «وَلَا أَنَا، إِلَّا أَنْ يَتَغَمَّدَنِيَ اللهُ مِنْهُ بِرَحْمَةٍ، وَاعْلَمُوا أَنَّ أَحَبَّ الْعَمَلِ إِلَى اللهِ أَدْوَمُهُ وَإِنْ قَلَّ»;;u7/u7l7/interaction/i2;#/lesson/u7/u7l7
245;الرقائق;رحمة الله;خلاصة الدرس;• ﴿وَرَحْمَتِي وَسِعَتْ كُلَّ شَيْءٍ﴾. ⏎ • ﴿لَا تَقْنَطُوا مِنْ رَحْمَةِ اللَّهِ ۚ إِنَّ اللَّهَ يَغْفِرُ الذُّنُوبَ جَمِيعًا﴾. ⏎ • «لَلهُ أَرْحَمُ بِعِبَادِهِ مِنْ هَذِهِ بِوَلَدِهَا».;صياغة تعليمية مساعدة;69;خلاصة مستحدثة تلخّص الدرس؛ يحتاج تأكيد أنها لا تخلّ بمعنى النصّ ولا تختصره اختصالًا مخلًّا.;متوسطة;بانتظار المراجعة;;;قُدِمَ عَلَى رَسُولِ اللهِ ﷺ بِسَبْيٍ فَإِذَا امْرَأَةٌ مِنَ السَّبْيِ تَبْتَغِي، إِذَا وَجَدَتْ صَبِيًّا فِي السَّبْيِ، أَخَذَتْهُ فَأَلْصَقَتْهُ بِبَطْنِهَا وَأَرْضَعَتْهُ، فَقَالَ لَنَا رَسُولُ اللهِ ﷺ: «أَتَرَوْنَ هَذِهِ الْمَرْأَةَ طَارِحَةً وَلَدَهَا فِي النَّارِ؟» قُلْنَا: لَا وَاللهِ، وَهِيَ تَقْدِرُ عَلَى أَلَّا تَطْرَحَهُ، فَقَالَ رَسُولُ اللهِ ﷺ: «لَلهُ أَرْحَمُ بِعِبَادِهِ مِنْ هَذِهِ بِوَلَدِهَا»;;u7/u7l8/summary;#/lesson/u7/u7l8
250;الرقائق;فتنة النساء;خلاصة الدرس;• إنّ الدنيا حلوة خضرة، والله مستخلفكم فيها فينظر كيف تعملون، وأول فتنة بني إسرائيل كانت في النساء.;صياغة تعليمية مساعدة;70;خلاصة مستحدثة تلخّص الدرس؛ يحتاج تأكيد أنها لا تخلّ بمعنى النصّ ولا تختصره اختصالًا مخلًّا.;متوسطة;بانتظار المراجعة;;;«إِنَّ الدُّنْيَا حُلْوَةٌ خَضِرَةٌ، وَإِنَّ اللهَ مُسْتَخْلِفُكُمْ فِيهَا، فَيَنْظُرُ كَيْفَ تَعْمَلُونَ، فَاتَّقُوا الدُّنْيَا وَاتَّقُوا النِّسَاءَ، فَإِنَّ أَوَّلَ فِتْنَةِ بَنِي إِسْرَائِيلَ كَانَتْ فِي النِّسَاءِ»;;u7/u7l9/summary;#/lesson/u7/u7l9
253;الرقائق;فتنة المال;خلاصة الدرس;• ما الفقر أخشى عليكم، ولكن أخشى أن تُبسط الدنيا عليكم فتتنافسوها وتهلككم.;صياغة تعليمية مساعدة;70;خلاصة مستحدثة تلخّص الدرس؛ يحتاج تأكيد أنها لا تخلّ بمعنى النصّ ولا تختصره اختصالًا مخلًّا.;متوسطة;بانتظار المراجعة;;;«وَاللهِ مَا الْفَقْرَ أَخْشَى عَلَيْكُمْ، وَلَكِنِّي أَخْشَى أَنْ تُبْسَطَ الدُّنْيَا عَلَيْكُمْ، كَمَا بُسِطَتْ عَلَى مَنْ كَانَ قَبْلَكُمْ، فَتَنَافَسُوهَا كَمَا تَنَافَسُوهَا، وَتُهْلِكَكُمْ كَمَا أَهْلَكَتْهُمْ»;;u7/u7l10/summary;#/lesson/u7/u7l10
256;الرقائق;المجاهدة;خلاصة الدرس;• ﴿وَالَّذِينَ جَاهَدُوا فِينَا لَنَهْدِيَنَّهُمْ سُبُلَنَا﴾. ⏎ • حُجبت النار بالشهوات، وحُجبت الجنة بالمكاره.;صياغة تعليمية مساعدة;70;خلاصة مستحدثة تلخّص الدرس؛ يحتاج تأكيد أنها لا تخلّ بمعنى النصّ ولا تختصره اختصالًا مخلًّا.;متوسطة;بانتظار المراجعة;;;«حُجِبَتِ النَّارُ بِالشَّهَوَاتِ، وَحُجِبَتِ الْجَنَّةُ بِالْمَكَارِهِ»;;u7/u7l11/summary;#/lesson/u7/u7l11
260;الرقائق;بين حُبّ لقاء الله وكُرهه;خلاصة الدرس;• من أحبّ لقاء الله أحبّ الله لقاءه، ومن كره لقاء الله كره الله لقاءه. ⏎ • ليس المراد كراهية الموت الطبيعية، وإنما ما يكون عند الاحتضار من التبشير.;صياغة تعليمية مساعدة;71;خلاصة مستحدثة تلخّص الدرس؛ يحتاج تأكيد أنها لا تخلّ بمعنى النصّ ولا تختصره اختصالًا مخلًّا.;متوسطة;بانتظار المراجعة;;;«مَنْ أَحَبَّ لِقَاءَ اللهِ أَحَبَّ اللهُ لِقَاءَهُ، وَمَنْ كَرِهَ لِقَاءَ اللهِ كَرِهَ اللهُ لِقَاءَهُ» فَقَالَتْ عَائِشَةُ رضي الله عنها: إِنَّا لَنَكْرَهُ الْمَوْتَ، قَالَ: «لَيْسَ ذَاكِ، وَلَكِنَّ الْمُؤْمِنَ إِذَا حَضَرَهُ الْمَوْتُ بُشِّرَ بِرِضْوَانِ اللهِ وَكَرَامَتِهِ، فَلَيْسَ شَيْءٌ أَحَبَّ إِلَيْهِ مِمَّا أَمَامَهُ، فَأَحَبَّ لِقَاءَ اللهِ وَأَحَبَّ اللهُ لِقَاءَهُ، وَإِنَّ الْكَافِرَ إِذَا حُضِرَ بُشِّرَ بِعَذَابِ اللهِ وَعُقُوبَتِهِ، فَلَيْسَ شَيْءٌ أَكْرَهَ إِلَيْهِ مِمَّا أَمَامَهُ، كَرِهَ لِقَاءَ اللهِ وَكَرِهَ اللهُ لِقَاءَهُ»;;u7/u7l12/summary;#/lesson/u7/u7l12
1;تفسير ما يتكرر;الاستعاذة;مدخل الدرس;قبل أن تفتح المصحف، هناك جملة واحدة تقولها فتطرد بها عدوًّا لا تراه. ما هي؟ ومَن علَّمك إياها؟;صياغة تعليمية مساعدة;7;مدخل تشويقي مستحدث ليس من الكتاب؛ يحتاج إقرار الصياغة والأسلوب.;منخفضة;بانتظار المراجعة;;;أَعُوذُ بِاللهِ مِنَ الشَّيْطَانِ الرَّجِيمِ;;u1/u1l1/hook;#/lesson/u1/u1l1
2;تفسير ما يتكرر;الاستعاذة;هدف الدرس;أن تعرف لفظ الاستعاذة ومعناها، ومتى تُقال، وأنها ليست من القرآن.;صياغة تعليمية مساعدة;7;هدف إجرائي مستحدث للدرس؛ يحتاج إقرار الصياغة.;منخفضة;بانتظار المراجعة;;;أَعُوذُ بِاللهِ مِنَ الشَّيْطَانِ الرَّجِيمِ;;u1/u1l1/objective;#/lesson/u1/u1l1
4;تفسير ما يتكرر;الاستعاذة;سؤال النقاش الأسري;اتّفقوا في البيت على أن يبدأ كل قارئ للقرآن بالاستعاذة بصوت مسموع هذا الأسبوع.;صياغة تعليمية مساعدة;7;اقتراح نشاط أسري مستحدث؛ يحتاج إقرار الصياغة.;منخفضة;بانتظار المراجعة;;;أَعُوذُ بِاللهِ مِنَ الشَّيْطَانِ الرَّجِيمِ;;u1/u1l1/family;#/lesson/u1/u1l1
6;تفسير ما يتكرر;البسملة;مدخل الدرس;آيةٌ تقرؤها عشرات المرات كل يوم، وقد يُشكل على كثيرين: هل هي من الفاتحة أم لا؟;صياغة تعليمية مساعدة;7;مدخل تشويقي مستحدث ليس من الكتاب؛ يحتاج إقرار الصياغة والأسلوب.;منخفضة;بانتظار المراجعة;;;وَهِيَ آيَةٌ جَاءَتْ لِلْفَصْلِ بَيْنَ السُّوَرِ، فَلَيْسَتْ آيَةً مِنْ سُورَةِ الْفَاتِحَةِ وَلَا مِنْ غَيْرِهَا مِنَ السُّوَرِ.;;u1/u1l2/hook;#/lesson/u1/u1l2
7;تفسير ما يتكرر;البسملة;هدف الدرس;أن تعرف موضع البسملة من السور، ومعنى ألفاظها الثلاثة.;صياغة تعليمية مساعدة;7;هدف إجرائي مستحدث للدرس؛ يحتاج إقرار الصياغة.;منخفضة;بانتظار المراجعة;;;وَهِيَ آيَةٌ جَاءَتْ لِلْفَصْلِ بَيْنَ السُّوَرِ، فَلَيْسَتْ آيَةً مِنْ سُورَةِ الْفَاتِحَةِ وَلَا مِنْ غَيْرِهَا مِنَ السُّوَرِ.;;u1/u1l2/objective;#/lesson/u1/u1l2
11;تفسير ما يتكرر;سورة الفاتحة;مدخل الدرس;سورة لا تصحّ صلاتك بدونها، تقرؤها في اليوم سبع عشرة مرة على الأقل. فهل تعرف ما تقول؟;صياغة تعليمية مساعدة;8;مدخل تشويقي مستحدث ليس من الكتاب؛ يحتاج إقرار الصياغة والأسلوب.;منخفضة;بانتظار المراجعة;;;يَجِبُ عَلَى الْمُسْلِمِ أَنْ يَتَعَلَّمَ قِرَاءَةَ سُورَةِ الْفَاتِحَةِ؛ لِأَنَّ الصَّلَاةَ لَا تَصِحُّ إِلَّا بِهَا، وَيَحْسُنُ أَنْ يَتَعَلَّمَ قِرَاءَةَ كِتَابِ اللهِ كَامِلًا، فَإِنْ لَمْ يَكُنْ فَمَا اسْتَطَاعَ مِنْهُ.;;u1/u1l3/hook;#/lesson/u1/u1l3
12;تفسير ما يتكرر;سورة الفاتحة;هدف الدرس;أن تقرأ الفاتحة بلا خطأ، وتفهم معاني آياتها كما شرحها الكتاب.;صياغة تعليمية مساعدة;8;هدف إجرائي مستحدث للدرس؛ يحتاج إقرار الصياغة.;منخفضة;بانتظار المراجعة;;;يَجِبُ عَلَى الْمُسْلِمِ أَنْ يَتَعَلَّمَ قِرَاءَةَ سُورَةِ الْفَاتِحَةِ؛ لِأَنَّ الصَّلَاةَ لَا تَصِحُّ إِلَّا بِهَا، وَيَحْسُنُ أَنْ يَتَعَلَّمَ قِرَاءَةَ كِتَابِ اللهِ كَامِلًا، فَإِنْ لَمْ يَكُنْ فَمَا اسْتَطَاعَ مِنْهُ.;;u1/u1l3/objective;#/lesson/u1/u1l3
14;تفسير ما يتكرر;سورة الفاتحة;سؤال النقاش الأسري;اطلبوا من كل فرد في البيت أن يقرأ الفاتحة، وصحّحوا الأخطاء الشائعة بلطف.;صياغة تعليمية مساعدة;8;اقتراح نشاط أسري مستحدث؛ يحتاج إقرار الصياغة.;منخفضة;بانتظار المراجعة;;;يَجِبُ عَلَى الْمُسْلِمِ أَنْ يَتَعَلَّمَ قِرَاءَةَ سُورَةِ الْفَاتِحَةِ؛ لِأَنَّ الصَّلَاةَ لَا تَصِحُّ إِلَّا بِهَا، وَيَحْسُنُ أَنْ يَتَعَلَّمَ قِرَاءَةَ كِتَابِ اللهِ كَامِلًا، فَإِنْ لَمْ يَكُنْ فَمَا اسْتَطَاعَ مِنْهُ.;;u1/u1l3/family;#/lesson/u1/u1l3
17;تفسير ما يتكرر;آية الكرسي;مدخل الدرس;آية واحدة تقرؤها بعد كل صلاة وقبل نومك، وصفها النبي ﷺ بأنها أعظم آية في كتاب الله.;صياغة تعليمية مساعدة;10;مدخل تشويقي مستحدث ليس من الكتاب؛ يحتاج إقرار الصياغة والأسلوب.;منخفضة;بانتظار المراجعة;;;وَهِيَ أَعْظَمُ آيَةٍ فِي الْقُرْآنِ.;;u1/u1l4/hook;#/lesson/u1/u1l4
18;تفسير ما يتكرر;آية الكرسي;هدف الدرس;أن تحفظ آية الكرسي وتفهم معاني ألفاظها كما شرحها الكتاب.;صياغة تعليمية مساعدة;10;هدف إجرائي مستحدث للدرس؛ يحتاج إقرار الصياغة.;منخفضة;بانتظار المراجعة;;;وَهِيَ أَعْظَمُ آيَةٍ فِي الْقُرْآنِ.;;u1/u1l4/objective;#/lesson/u1/u1l4
21;تفسير ما يتكرر;آخر آيتين من سورة البقرة;مدخل الدرس;آيتان مَن قرأهما في ليلة كفتاه، وفيهما دعاء علّمنا الله أن ندعو به.;صياغة تعليمية مساعدة;11;مدخل تشويقي مستحدث ليس من الكتاب؛ يحتاج إقرار الصياغة والأسلوب.;منخفضة;بانتظار المراجعة;;;﴿لَا نُفَرِّقُ بَيْنَ أَحَدٍ مِنْ رُسُلِهِ﴾: أَيْ: لَا نُفَرِّقُ فِي الْإِيمَانِ بَيْنَ الرُّسُلِ فَنُؤْمِنُ بِبَعْضِهِمْ وَنُنْكِرُ بَعْضَهُمْ، بَلْ نُؤْمِنُ بِهِمْ جَمِيعًا. | ﴿وَقَالُوا﴾: أَيِ: الرَّسُولُ وَالْمُؤْمِنُونَ. | ﴿غُفْرَانَكَ رَبَّنَا﴾: أَيْ: نَسْأَلُكَ مَغْفِرَتَكَ. | ﴿وَإِلَيْكَ الْمَصِيرُ﴾: أَيِ: الْمَرْجِعُ. | ﴿لَا يُكَلِّفُ اللَّهُ نَفْسًا إِلَّا وُسْعَهَا﴾: أَيْ: لَا يَطْلُبُ اللهُ مِنْ عِبَادِهِ مَا لَا يُطِيقُونَهُ. | ﴿لَهَا مَا كَسَبَتْ وَعَلَيْهَا مَا اكْتَسَبَتْ﴾: فَمَنْ فَعَلَ خَيْرًا نَالَ خَيْرًا، وَمَنْ فَعَلَ شَرًّا نَالَ شَرًّا. | ﴿رَبَّنَا وَلَا تَحْمِلْ عَلَيْ;;u1/u1l5/hook;#/lesson/u1/u1l5
22;تفسير ما يتكرر;آخر آيتين من سورة البقرة;هدف الدرس;أن تعرف معاني آخر آيتين من البقرة وما فيهما من دعاء.;صياغة تعليمية مساعدة;11;هدف إجرائي مستحدث للدرس؛ يحتاج إقرار الصياغة.;منخفضة;بانتظار المراجعة;;;﴿لَا نُفَرِّقُ بَيْنَ أَحَدٍ مِنْ رُسُلِهِ﴾: أَيْ: لَا نُفَرِّقُ فِي الْإِيمَانِ بَيْنَ الرُّسُلِ فَنُؤْمِنُ بِبَعْضِهِمْ وَنُنْكِرُ بَعْضَهُمْ، بَلْ نُؤْمِنُ بِهِمْ جَمِيعًا. | ﴿وَقَالُوا﴾: أَيِ: الرَّسُولُ وَالْمُؤْمِنُونَ. | ﴿غُفْرَانَكَ رَبَّنَا﴾: أَيْ: نَسْأَلُكَ مَغْفِرَتَكَ. | ﴿وَإِلَيْكَ الْمَصِيرُ﴾: أَيِ: الْمَرْجِعُ. | ﴿لَا يُكَلِّفُ اللَّهُ نَفْسًا إِلَّا وُسْعَهَا﴾: أَيْ: لَا يَطْلُبُ اللهُ مِنْ عِبَادِهِ مَا لَا يُطِيقُونَهُ. | ﴿لَهَا مَا كَسَبَتْ وَعَلَيْهَا مَا اكْتَسَبَتْ﴾: فَمَنْ فَعَلَ خَيْرًا نَالَ خَيْرًا، وَمَنْ فَعَلَ شَرًّا نَالَ شَرًّا. | ﴿رَبَّنَا وَلَا تَحْمِلْ عَلَيْ;;u1/u1l5/objective;#/lesson/u1/u1l5
26;تفسير ما يتكرر;سورة الكافرون;مدخل الدرس;سورة قصيرة تُقرأ في سنة الفجر، وفيها براءةٌ كاملة من الشرك.;صياغة تعليمية مساعدة;12;مدخل تشويقي مستحدث ليس من الكتاب؛ يحتاج إقرار الصياغة والأسلوب.;منخفضة;بانتظار المراجعة;;;وَتُسَنُّ قِرَاءَتُهَا فِي الرَّكْعَةِ الْأُولَى مِنَ السُّنَّةِ الْقَبْلِيَّةِ لِصَلَاةِ الْفَجْرِ.;;u1/u1l6/hook;#/lesson/u1/u1l6
27;تفسير ما يتكرر;سورة الكافرون;هدف الدرس;أن تعرف معنى سورة الكافرون وموضع قراءتها في السنة الراتبة.;صياغة تعليمية مساعدة;12;هدف إجرائي مستحدث للدرس؛ يحتاج إقرار الصياغة.;منخفضة;بانتظار المراجعة;;;وَتُسَنُّ قِرَاءَتُهَا فِي الرَّكْعَةِ الْأُولَى مِنَ السُّنَّةِ الْقَبْلِيَّةِ لِصَلَاةِ الْفَجْرِ.;;u1/u1l6/objective;#/lesson/u1/u1l6
30;تفسير ما يتكرر;سورة الإخلاص;مدخل الدرس;أربع آيات فقط، لكنها تُعرِّفك بربك كما عرّف نفسه. وهي تُقرأ في الركعة الثانية من سنة الفجر.;صياغة تعليمية مساعدة;13;مدخل تشويقي مستحدث ليس من الكتاب؛ يحتاج إقرار الصياغة والأسلوب.;منخفضة;بانتظار المراجعة;;;وَتُسَنُّ قِرَاءَتُهَا فِي الرَّكْعَةِ الثَّانِيَةِ مِنَ السُّنَّةِ الْقَبْلِيَّةِ لِصَلَاةِ الْفَجْرِ.;;u1/u1l7/hook;#/lesson/u1/u1l7
31;تفسير ما يتكرر;سورة الإخلاص;هدف الدرس;أن تعرف معاني سورة الإخلاص وموضع قراءتها.;صياغة تعليمية مساعدة;13;هدف إجرائي مستحدث للدرس؛ يحتاج إقرار الصياغة.;منخفضة;بانتظار المراجعة;;;وَتُسَنُّ قِرَاءَتُهَا فِي الرَّكْعَةِ الثَّانِيَةِ مِنَ السُّنَّةِ الْقَبْلِيَّةِ لِصَلَاةِ الْفَجْرِ.;;u1/u1l7/objective;#/lesson/u1/u1l7
34;تفسير ما يتكرر;سورة الفلق;مدخل الدرس;حين تخاف من شرٍّ لا تعرف مصدره، فهذه السورة تجمع لك الاستعاذة من أربعة شرور.;صياغة تعليمية مساعدة;13;مدخل تشويقي مستحدث ليس من الكتاب؛ يحتاج إقرار الصياغة والأسلوب.;منخفضة;بانتظار المراجعة;;;﴿قُلْ﴾: أَيُّهَا الرَّسُولُ. | ﴿بِرَبِّ الْفَلَقِ﴾: وَهُوَ: الصُّبْحُ. | ﴿مِنْ شَرِّ مَا خَلَقَ﴾: أَيْ: جَمِيعِ الْمَخْلُوقَاتِ. | ﴿غَاسِقٍ﴾: أَيِ: اللَّيْلِ شَدِيدِ الظُّلْمَةِ. | ﴿إِذَا وَقَبَ﴾: إِذَا دَخَلَ وَتَغَلْغَلَ، وَمَا فِيهِ مِنَ الشُّرُورِ وَالْمُؤْذِيَاتِ. | ﴿النَّفَّاثَاتِ فِي الْعُقَدِ﴾: أَيِ: السَّاحِرَاتِ اللَّاتِي يَنْفُخْنَ فِيمَا يَعْقِدْنَ مِنْ عُقَدٍ بِقَصْدِ السِّحْرِ. | ﴿وَمِنْ شَرِّ حَاسِدٍ إِذَا حَسَدَ﴾: وَالْحَسَدُ: كَرَاهِيَةُ وُصُولِ النِّعْمَةِ لِلْغَيْرِ.;;u1/u1l8/hook;#/lesson/u1/u1l8
35;تفسير ما يتكرر;سورة الفلق;هدف الدرس;أن تعرف معاني سورة الفلق والشرور التي يُستعاذ منها فيها.;صياغة تعليمية مساعدة;13;هدف إجرائي مستحدث للدرس؛ يحتاج إقرار الصياغة.;منخفضة;بانتظار المراجعة;;;﴿قُلْ﴾: أَيُّهَا الرَّسُولُ. | ﴿بِرَبِّ الْفَلَقِ﴾: وَهُوَ: الصُّبْحُ. | ﴿مِنْ شَرِّ مَا خَلَقَ﴾: أَيْ: جَمِيعِ الْمَخْلُوقَاتِ. | ﴿غَاسِقٍ﴾: أَيِ: اللَّيْلِ شَدِيدِ الظُّلْمَةِ. | ﴿إِذَا وَقَبَ﴾: إِذَا دَخَلَ وَتَغَلْغَلَ، وَمَا فِيهِ مِنَ الشُّرُورِ وَالْمُؤْذِيَاتِ. | ﴿النَّفَّاثَاتِ فِي الْعُقَدِ﴾: أَيِ: السَّاحِرَاتِ اللَّاتِي يَنْفُخْنَ فِيمَا يَعْقِدْنَ مِنْ عُقَدٍ بِقَصْدِ السِّحْرِ. | ﴿وَمِنْ شَرِّ حَاسِدٍ إِذَا حَسَدَ﴾: وَالْحَسَدُ: كَرَاهِيَةُ وُصُولِ النِّعْمَةِ لِلْغَيْرِ.;;u1/u1l8/objective;#/lesson/u1/u1l8
38;تفسير ما يتكرر;سورة الناس;مدخل الدرس;عدوٌّ يوسوس عند الغفلة ويختفي عند ذكر الله — فمن أين تأتي الحماية؟;صياغة تعليمية مساعدة;14;مدخل تشويقي مستحدث ليس من الكتاب؛ يحتاج إقرار الصياغة والأسلوب.;منخفضة;بانتظار المراجعة;;;﴿قُلْ﴾: أَيُّهَا الرَّسُولُ. | ﴿الْوَسْوَاسِ الْخَنَّاسِ﴾: أَيِ: الشَّيْطَانِ الَّذِي يُوَسْوِسُ عِنْدَ الْغَفْلَةِ، وَيَخْتَفِي عِنْدَ ذِكْرِ اللهِ. | ﴿مِنَ الْجِنَّةِ وَالنَّاسِ﴾: فَمِنَ الْجِنِّ شَيَاطِينُ، وَمِنَ الْإِنْسِ شَيَاطِينُ.;;u1/u1l9/hook;#/lesson/u1/u1l9
39;تفسير ما يتكرر;سورة الناس;هدف الدرس;أن تعرف معاني سورة الناس وحقيقة الوسواس الخنّاس.;صياغة تعليمية مساعدة;14;هدف إجرائي مستحدث للدرس؛ يحتاج إقرار الصياغة.;منخفضة;بانتظار المراجعة;;;﴿قُلْ﴾: أَيُّهَا الرَّسُولُ. | ﴿الْوَسْوَاسِ الْخَنَّاسِ﴾: أَيِ: الشَّيْطَانِ الَّذِي يُوَسْوِسُ عِنْدَ الْغَفْلَةِ، وَيَخْتَفِي عِنْدَ ذِكْرِ اللهِ. | ﴿مِنَ الْجِنَّةِ وَالنَّاسِ﴾: فَمِنَ الْجِنِّ شَيَاطِينُ، وَمِنَ الْإِنْسِ شَيَاطِينُ.;;u1/u1l9/objective;#/lesson/u1/u1l9
44;الأحاديث النبوية;أصول الإسلام على ثلاثة أحاديث;مدخل الدرس;لو قيل لك: اختصر الإسلام في ثلاثة أحاديث، فماذا تختار؟ الإمام أحمد اختار، فماذا اختار؟;صياغة تعليمية مساعدة;18;مدخل تشويقي مستحدث ليس من الكتاب؛ يحتاج إقرار الصياغة والأسلوب.;منخفضة;بانتظار المراجعة;;;قَالَ الْإِمَامُ أَحْمَدُ: (أُصُولُ الْإِسْلَامِ عَلَى ثَلَاثَةِ أَحَادِيثَ...) ثُمَّ ذَكَرَهَا، وَهِيَ:;;u2/u2l0/hook;#/lesson/u2/u2l0
45;الأحاديث النبوية;أصول الإسلام على ثلاثة أحاديث;هدف الدرس;أن تعرف كلمة الإمام أحمد في أصول الإسلام، وأنّ ما جاء به النبي ﷺ وحيٌ يُتَّبع.;صياغة تعليمية مساعدة;18;هدف إجرائي مستحدث للدرس؛ يحتاج إقرار الصياغة.;منخفضة;بانتظار المراجعة;;;قَالَ الْإِمَامُ أَحْمَدُ: (أُصُولُ الْإِسْلَامِ عَلَى ثَلَاثَةِ أَحَادِيثَ...) ثُمَّ ذَكَرَهَا، وَهِيَ:;;u2/u2l0/objective;#/lesson/u2/u2l0
48;الأحاديث النبوية;الحديث الأول: الأعمال بالنية;مدخل الدرس;عملان متشابهان في الظاهر، وبينهما في الميزان ما بين السماء والأرض. ما الفارق؟;صياغة تعليمية مساعدة;18;مدخل تشويقي مستحدث ليس من الكتاب؛ يحتاج إقرار الصياغة والأسلوب.;منخفضة;بانتظار المراجعة;;;«الْأَعْمَالُ بِالنِّيَّةِ، وَلِكُلِّ امْرِئٍ مَا نَوَى، فَمَنْ كَانَتْ هِجْرَتُهُ إِلَى اللهِ وَرَسُولِهِ فَهِجْرَتُهُ إِلَى اللهِ وَرَسُولِهِ، وَمَنْ كَانَتْ هِجْرَتُهُ لِدُنْيَا يُصِيبُهَا، أَوِ امْرَأَةٍ يَتَزَوَّجُهَا، فَهِجْرَتُهُ إِلَى مَا هَاجَرَ إِلَيْهِ».;;u2/u2l1/hook;#/lesson/u2/u2l1
49;الأحاديث النبوية;الحديث الأول: الأعمال بالنية;هدف الدرس;أن تعرف نصّ حديث النية، وأنّ العمل لا يكون عبادة إلا بنية التعبّد.;صياغة تعليمية مساعدة;18;هدف إجرائي مستحدث للدرس؛ يحتاج إقرار الصياغة.;منخفضة;بانتظار المراجعة;;;«الْأَعْمَالُ بِالنِّيَّةِ، وَلِكُلِّ امْرِئٍ مَا نَوَى، فَمَنْ كَانَتْ هِجْرَتُهُ إِلَى اللهِ وَرَسُولِهِ فَهِجْرَتُهُ إِلَى اللهِ وَرَسُولِهِ، وَمَنْ كَانَتْ هِجْرَتُهُ لِدُنْيَا يُصِيبُهَا، أَوِ امْرَأَةٍ يَتَزَوَّجُهَا، فَهِجْرَتُهُ إِلَى مَا هَاجَرَ إِلَيْهِ».;;u2/u2l1/objective;#/lesson/u2/u2l1
51;الأحاديث النبوية;الحديث الأول: الأعمال بالنية;سؤال النقاش الأسري;اسألوا بعضكم: ما أقرب عمل تفعله كل يوم ويمكن أن ينقلب عبادةً بتغيير النية؟;صياغة تعليمية مساعدة;18;اقتراح نشاط أسري مستحدث؛ يحتاج إقرار الصياغة.;منخفضة;بانتظار المراجعة;;;«الْأَعْمَالُ بِالنِّيَّةِ، وَلِكُلِّ امْرِئٍ مَا نَوَى، فَمَنْ كَانَتْ هِجْرَتُهُ إِلَى اللهِ وَرَسُولِهِ فَهِجْرَتُهُ إِلَى اللهِ وَرَسُولِهِ، وَمَنْ كَانَتْ هِجْرَتُهُ لِدُنْيَا يُصِيبُهَا، أَوِ امْرَأَةٍ يَتَزَوَّجُهَا، فَهِجْرَتُهُ إِلَى مَا هَاجَرَ إِلَيْهِ».;;u2/u2l1/family;#/lesson/u2/u2l1
54;الأحاديث النبوية;الحديث الثاني: من أحدث في أمرنا;مدخل الدرس;نيّة طيّبة وعمل لم يشرعه الله. فهل تكفي النية؟;صياغة تعليمية مساعدة;18;مدخل تشويقي مستحدث ليس من الكتاب؛ يحتاج إقرار الصياغة والأسلوب.;منخفضة;بانتظار المراجعة;;;«مَنْ أَحْدَثَ فِي أَمْرِنَا هَذَا مَا لَيْسَ فِيهِ، فَهُوَ رَدٌّ».;;u2/u2l2/hook;#/lesson/u2/u2l2
55;الأحاديث النبوية;الحديث الثاني: من أحدث في أمرنا;هدف الدرس;أن تعرف نصّ حديث الردّ، وتعريف البدعة كما ذكره الكتاب.;صياغة تعليمية مساعدة;18;هدف إجرائي مستحدث للدرس؛ يحتاج إقرار الصياغة.;منخفضة;بانتظار المراجعة;;;«مَنْ أَحْدَثَ فِي أَمْرِنَا هَذَا مَا لَيْسَ فِيهِ، فَهُوَ رَدٌّ».;;u2/u2l2/objective;#/lesson/u2/u2l2
57;الأحاديث النبوية;الحديث الثالث: الحلال بيّن والحرام بيّن;مدخل الدرس;بين الأبيض والأسود منطقة رمادية. كيف يتصرّف العاقل فيها؟ ومَثَلٌ نبويّ يحسم الأمر.;صياغة تعليمية مساعدة;18;مدخل تشويقي مستحدث ليس من الكتاب؛ يحتاج إقرار الصياغة والأسلوب.;منخفضة;بانتظار المراجعة;;;«إِنَّ الْحَلَالَ بَيِّنٌ، وَإِنَّ الْحَرَامَ بَيِّنٌ، وَبَيْنَهُمَا مُشْتَبِهَاتٌ لَا يَعْلَمُهُنَّ كَثِيرٌ مِنَ النَّاسِ، فَمَنِ اتَّقَى الشُّبُهَاتِ اسْتَبْرَأَ لِدِينِهِ، وَعِرْضِهِ، وَمَنْ وَقَعَ فِي الشُّبُهَاتِ وَقَعَ فِي الْحَرَامِ، كَالرَّاعِي يَرْعَى حَوْلَ الْحِمَى، يُوشِكُ أَنْ يَرْتَعَ فِيهِ، أَلَا وَإِنَّ لِكُلِّ مَلِكٍ حِمًى، أَلَا وَإِنَّ حِمَى اللهِ مَحَارِمُهُ، أَلَا وَإِنَّ فِي الْجَسَدِ مُضْغَةً، إِذَا صَلَحَتْ، صَلَحَ الْجَسَدُ كُلُّهُ، وَإِذَا فَسَدَتْ، فَسَدَ الْجَسَدُ كُلُّهُ، أَلَا وَهِيَ الْقَلْبُ».;;u2/u2l3/hook;#/lesson/u2/u2l3
58;الأحاديث النبوية;الحديث الثالث: الحلال بيّن والحرام بيّن;هدف الدرس;أن تعرف نصّ حديث المشتبهات، ومعناه، وأثر صلاح القلب.;صياغة تعليمية مساعدة;18;هدف إجرائي مستحدث للدرس؛ يحتاج إقرار الصياغة.;منخفضة;بانتظار المراجعة;;;«إِنَّ الْحَلَالَ بَيِّنٌ، وَإِنَّ الْحَرَامَ بَيِّنٌ، وَبَيْنَهُمَا مُشْتَبِهَاتٌ لَا يَعْلَمُهُنَّ كَثِيرٌ مِنَ النَّاسِ، فَمَنِ اتَّقَى الشُّبُهَاتِ اسْتَبْرَأَ لِدِينِهِ، وَعِرْضِهِ، وَمَنْ وَقَعَ فِي الشُّبُهَاتِ وَقَعَ فِي الْحَرَامِ، كَالرَّاعِي يَرْعَى حَوْلَ الْحِمَى، يُوشِكُ أَنْ يَرْتَعَ فِيهِ، أَلَا وَإِنَّ لِكُلِّ مَلِكٍ حِمًى، أَلَا وَإِنَّ حِمَى اللهِ مَحَارِمُهُ، أَلَا وَإِنَّ فِي الْجَسَدِ مُضْغَةً، إِذَا صَلَحَتْ، صَلَحَ الْجَسَدُ كُلُّهُ، وَإِذَا فَسَدَتْ، فَسَدَ الْجَسَدُ كُلُّهُ، أَلَا وَهِيَ الْقَلْبُ».;;u2/u2l3/objective;#/lesson/u2/u2l3
62;مراتب الدين;مراتب الدين الثلاث;مدخل الدرس;الدين ليس طبقة واحدة؛ بل ثلاث مراتب يصعد فيها المسلم. فما هي؟;صياغة تعليمية مساعدة;23;مدخل تشويقي مستحدث ليس من الكتاب؛ يحتاج إقرار الصياغة والأسلوب.;منخفضة;بانتظار المراجعة;;;مَرَاتِبُ الدِّينِ ثَلَاثٌ: الْإِسْلَامُ وَالْإِيمَانُ وَالْإِحْسَانُ، وَكُلُّ مَرْتَبَةٍ لَهَا أَرْكَانٌ.;;u3/u3l0/hook;#/lesson/u3/u3l0
63;مراتب الدين;مراتب الدين الثلاث;هدف الدرس;أن تعرف مراتب الدين الثلاث وأنّ لكل مرتبة أركانًا.;صياغة تعليمية مساعدة;23;هدف إجرائي مستحدث للدرس؛ يحتاج إقرار الصياغة.;منخفضة;بانتظار المراجعة;;;مَرَاتِبُ الدِّينِ ثَلَاثٌ: الْإِسْلَامُ وَالْإِيمَانُ وَالْإِحْسَانُ، وَكُلُّ مَرْتَبَةٍ لَهَا أَرْكَانٌ.;;u3/u3l0/objective;#/lesson/u3/u3l0
66;مراتب الدين;أركان الإسلام;مدخل الدرس;كلمة واحدة تدخل بها الإسلام، ولها معنى دقيق كثيرٌ من الناس يقولها ولا يعرفه.;صياغة تعليمية مساعدة;23;مدخل تشويقي مستحدث ليس من الكتاب؛ يحتاج إقرار الصياغة والأسلوب.;منخفضة;بانتظار المراجعة;;;وَهِيَ خَمْسَةٌ: أَوَّلُهَا وَأَعْظَمُهَا: شَهَادَةُ أَلَّا إِلَهَ إِلَّا اللهُ، وَأَنَّ مُحَمَّدًا رَسُولُ اللهِ.;;u3/u3l1/hook;#/lesson/u3/u3l1
67;مراتب الدين;أركان الإسلام;هدف الدرس;أن تعرف أركان الإسلام الخمسة، ومعنى الشهادتين، ومعنى العبادة.;صياغة تعليمية مساعدة;23;هدف إجرائي مستحدث للدرس؛ يحتاج إقرار الصياغة.;منخفضة;بانتظار المراجعة;;;وَهِيَ خَمْسَةٌ: أَوَّلُهَا وَأَعْظَمُهَا: شَهَادَةُ أَلَّا إِلَهَ إِلَّا اللهُ، وَأَنَّ مُحَمَّدًا رَسُولُ اللهِ.;;u3/u3l1/objective;#/lesson/u3/u3l1
69;مراتب الدين;أركان الإسلام;سؤال النقاش الأسري;اسألوا الصغار: ما معنى «لا إله إلا الله»؟ ثم صحّحوا الإجابة بنصّ الكتاب.;صياغة تعليمية مساعدة;23;اقتراح نشاط أسري مستحدث؛ يحتاج إقرار الصياغة.;منخفضة;بانتظار المراجعة;;;وَهِيَ خَمْسَةٌ: أَوَّلُهَا وَأَعْظَمُهَا: شَهَادَةُ أَلَّا إِلَهَ إِلَّا اللهُ، وَأَنَّ مُحَمَّدًا رَسُولُ اللهِ.;;u3/u3l1/family;#/lesson/u3/u3l1
70;مراتب الدين;أركان الإيمان والقدر الواجب فيها;مدخل الدرس;هل يلزمك أن تعرف عدد أبواب الجنة لتكون مؤمنًا؟ الكتاب يفرّق بين قدرٍ واجب وقدرٍ مستحب.;صياغة تعليمية مساعدة;24;مدخل تشويقي مستحدث ليس من الكتاب؛ يحتاج إقرار الصياغة والأسلوب.;منخفضة;بانتظار المراجعة;;;وَهِيَ سِتَّةٌ: (الْإِيمَانُ بِاللهِ، وَمَلَائِكَتِهِ، وَكُتُبِهِ، وَرُسُلِهِ، وَالْيَوْمِ الْآخِرِ، وَالْقَدَرِ خَيْرِهِ وَشَرِّهِ).;;u3/u3l2/hook;#/lesson/u3/u3l2
71;مراتب الدين;أركان الإيمان والقدر الواجب فيها;هدف الدرس;أن تعرف أركان الإيمان الستة، والقدر الواجب المجزئ في كل ركن.;صياغة تعليمية مساعدة;24;هدف إجرائي مستحدث للدرس؛ يحتاج إقرار الصياغة.;منخفضة;بانتظار المراجعة;;;وَهِيَ سِتَّةٌ: (الْإِيمَانُ بِاللهِ، وَمَلَائِكَتِهِ، وَكُتُبِهِ، وَرُسُلِهِ، وَالْيَوْمِ الْآخِرِ، وَالْقَدَرِ خَيْرِهِ وَشَرِّهِ).;;u3/u3l2/objective;#/lesson/u3/u3l2
73;مراتب الدين;الإحسان;مدخل الدرس;ركن واحد، لكنه يغيّر طريقة أدائك لكل عبادة في حياتك.;صياغة تعليمية مساعدة;26;مدخل تشويقي مستحدث ليس من الكتاب؛ يحتاج إقرار الصياغة والأسلوب.;منخفضة;بانتظار المراجعة;;;رُكْنٌ وَاحِدٌ: أَنْ تَعْبُدَ اللهَ كَأَنَّكَ تَرَاهُ، فَإِنْ لَمْ تَكُنْ تَرَاهُ فَإِنَّهُ يَرَاكَ.;;u3/u3l3/hook;#/lesson/u3/u3l3
74;مراتب الدين;الإحسان;هدف الدرس;أن تعرف ركن الإحسان ونصّه.;صياغة تعليمية مساعدة;26;هدف إجرائي مستحدث للدرس؛ يحتاج إقرار الصياغة.;منخفضة;بانتظار المراجعة;;;رُكْنٌ وَاحِدٌ: أَنْ تَعْبُدَ اللهَ كَأَنَّكَ تَرَاهُ، فَإِنْ لَمْ تَكُنْ تَرَاهُ فَإِنَّهُ يَرَاكَ.;;u3/u3l3/objective;#/lesson/u3/u3l3
78;الفقه;شروط الوضوء;مدخل الدرس;قبل أن تفتح الصنبور، هناك تسعة أمور لو اختلّ واحدٌ منها لم يصحّ وضوؤك.;صياغة تعليمية مساعدة;30;مدخل تشويقي مستحدث ليس من الكتاب؛ يحتاج إقرار الصياغة والأسلوب.;منخفضة;بانتظار المراجعة;;;وَهِيَ تِسْعَةٌ:;;u4/u4l1/hook;#/lesson/u4/u4l1
79;الفقه;شروط الوضوء;هدف الدرس;أن تعرف شروط الوضوء التسعة كما ذكرها الكتاب.;صياغة تعليمية مساعدة;30;هدف إجرائي مستحدث للدرس؛ يحتاج إقرار الصياغة.;منخفضة;بانتظار المراجعة;;;وَهِيَ تِسْعَةٌ:;;u4/u4l1/objective;#/lesson/u4/u4l1
83;الفقه;أركان الوضوء;مدخل الدرس;ستة أعمال لو تركت واحدًا منها لم يصحّ وضوؤك أبدًا، لا عمدًا ولا سهوًا.;صياغة تعليمية مساعدة;30;مدخل تشويقي مستحدث ليس من الكتاب؛ يحتاج إقرار الصياغة والأسلوب.;منخفضة;بانتظار المراجعة;;;وَهِيَ سِتَّةٌ:;;u4/u4l2/hook;#/lesson/u4/u4l2
84;الفقه;أركان الوضوء;هدف الدرس;أن تعرف أركان الوضوء الستة وترتيبها.;صياغة تعليمية مساعدة;30;هدف إجرائي مستحدث للدرس؛ يحتاج إقرار الصياغة.;منخفضة;بانتظار المراجعة;;;وَهِيَ سِتَّةٌ:;;u4/u4l2/objective;#/lesson/u4/u4l2
86;الفقه;من سنن الوضوء;مدخل الدرس;بين وضوءٍ صحيح ووضوءٍ كامل فرقٌ كبير. هذه السنن هي الفرق.;صياغة تعليمية مساعدة;30;مدخل تشويقي مستحدث ليس من الكتاب؛ يحتاج إقرار الصياغة والأسلوب.;منخفضة;بانتظار المراجعة;;;١: السِّوَاكُ. | ٢: قَوْلُ: (بِاسْمِ اللهِ). | ٣: غَسْلُ الْكَفَّيْنِ ثَلَاثًا. | ٤: بَدَاءَةٌ بِمَضْمَضَةٍ فَاسْتِنْشَاقٍ قَبْلَ غَسْلِ الْوَجْهِ. | ٥: مُبَالَغَةٌ فِيهِمَا لِغَيْرِ صَائِمٍ. | ٦: تَكْرَارُ غَسْلِ الْوَجْهِ -وَمِنْهُ الْمَضْمَضَةُ وَالِاسْتِنْشَاقُ- وَالْيَدَيْنِ وَالرِّجْلَيْنِ ثَلَاثَ مَرَّاتٍ. | ٧: تَخْلِيلُ الشَّعَرِ الْكَثِيفِ وَالْأَصَابِعِ. | ٨: أَخْذُ مَاءٍ جَدِيدٍ لِلرَّأْسِ. | ٩: الْبَدَاءَةُ بِمُقَدَّمِ الرَّأْسِ إِلَى الْقَفَا ثُمَّ الْعَوْدَةُ إِلَى الْمُقَدَّمِ، أَوِ الْبَدَاءَةُ بِالْمُقَدَّمِ إِلَى الْقَفَا مِنْ غَيْرِ عَوْدَةٍ. | ١٠: مَسْحُ الْأُذُنَيْنِ. | ١١;;u4/u4l3/hook;#/lesson/u4/u4l3
87;الفقه;من سنن الوضوء;هدف الدرس;أن تعرف جملةً من سنن الوضوء، وحكم المسح على الخفين.;صياغة تعليمية مساعدة;30;هدف إجرائي مستحدث للدرس؛ يحتاج إقرار الصياغة.;منخفضة;بانتظار المراجعة;;;١: السِّوَاكُ. | ٢: قَوْلُ: (بِاسْمِ اللهِ). | ٣: غَسْلُ الْكَفَّيْنِ ثَلَاثًا. | ٤: بَدَاءَةٌ بِمَضْمَضَةٍ فَاسْتِنْشَاقٍ قَبْلَ غَسْلِ الْوَجْهِ. | ٥: مُبَالَغَةٌ فِيهِمَا لِغَيْرِ صَائِمٍ. | ٦: تَكْرَارُ غَسْلِ الْوَجْهِ -وَمِنْهُ الْمَضْمَضَةُ وَالِاسْتِنْشَاقُ- وَالْيَدَيْنِ وَالرِّجْلَيْنِ ثَلَاثَ مَرَّاتٍ. | ٧: تَخْلِيلُ الشَّعَرِ الْكَثِيفِ وَالْأَصَابِعِ. | ٨: أَخْذُ مَاءٍ جَدِيدٍ لِلرَّأْسِ. | ٩: الْبَدَاءَةُ بِمُقَدَّمِ الرَّأْسِ إِلَى الْقَفَا ثُمَّ الْعَوْدَةُ إِلَى الْمُقَدَّمِ، أَوِ الْبَدَاءَةُ بِالْمُقَدَّمِ إِلَى الْقَفَا مِنْ غَيْرِ عَوْدَةٍ. | ١٠: مَسْحُ الْأُذُنَيْنِ. | ١١;;u4/u4l3/objective;#/lesson/u4/u4l3
90;الفقه;نواقض الوضوء;مدخل الدرس;ستة أمور تُبطل طهارتك، بعضها يخفى على كثير من الناس.;صياغة تعليمية مساعدة;32;مدخل تشويقي مستحدث ليس من الكتاب؛ يحتاج إقرار الصياغة والأسلوب.;منخفضة;بانتظار المراجعة;;;وَهِيَ سِتَّةٌ:;;u4/u4l4/hook;#/lesson/u4/u4l4
91;الفقه;نواقض الوضوء;هدف الدرس;أن تعرف نواقض الوضوء الستة.;صياغة تعليمية مساعدة;32;هدف إجرائي مستحدث للدرس؛ يحتاج إقرار الصياغة.;منخفضة;بانتظار المراجعة;;;وَهِيَ سِتَّةٌ:;;u4/u4l4/objective;#/lesson/u4/u4l4
93;الفقه;شروط الصلاة;مدخل الدرس;تسعة أمور تسبق تكبيرة الإحرام. هل تراجعها قبل كل صلاة؟;صياغة تعليمية مساعدة;32;مدخل تشويقي مستحدث ليس من الكتاب؛ يحتاج إقرار الصياغة والأسلوب.;منخفضة;بانتظار المراجعة;;;وَهِيَ تِسْعَةٌ:;;u4/u4l5/hook;#/lesson/u4/u4l5
94;الفقه;شروط الصلاة;هدف الدرس;أن تعرف شروط الصلاة التسعة.;صياغة تعليمية مساعدة;32;هدف إجرائي مستحدث للدرس؛ يحتاج إقرار الصياغة.;منخفضة;بانتظار المراجعة;;;وَهِيَ تِسْعَةٌ:;;u4/u4l5/objective;#/lesson/u4/u4l5
97;الفقه;أركان الصلاة;مدخل الدرس;أربعة عشر ركنًا لا يسقط واحد منها بعمد ولا سهو ولا جهل.;صياغة تعليمية مساعدة;32;مدخل تشويقي مستحدث ليس من الكتاب؛ يحتاج إقرار الصياغة والأسلوب.;منخفضة;بانتظار المراجعة;;;وَهِيَ أَرْبَعَةَ عَشَرَ:;;u4/u4l6/hook;#/lesson/u4/u4l6
98;الفقه;أركان الصلاة;هدف الدرس;أن تعرف أركان الصلاة الأربعة عشر.;صياغة تعليمية مساعدة;32;هدف إجرائي مستحدث للدرس؛ يحتاج إقرار الصياغة.;منخفضة;بانتظار المراجعة;;;وَهِيَ أَرْبَعَةَ عَشَرَ:;;u4/u4l6/objective;#/lesson/u4/u4l6
100;الفقه;واجبات الصلاة والفرق بينها وبين الأركان;مدخل الدرس;نسيتَ التشهد الأول فقمت. هل تبطل صلاتك؟ الجواب في الفرق بين الركن والواجب.;صياغة تعليمية مساعدة;33;مدخل تشويقي مستحدث ليس من الكتاب؛ يحتاج إقرار الصياغة والأسلوب.;منخفضة;بانتظار المراجعة;;;وَهِيَ ثَمَانِيَةٌ:;;u4/u4l7/hook;#/lesson/u4/u4l7
101;الفقه;واجبات الصلاة والفرق بينها وبين الأركان;هدف الدرس;أن تعرف واجبات الصلاة الثمانية، ولفظ التشهد الأول، والفرق بين الركن والواجب.;صياغة تعليمية مساعدة;33;هدف إجرائي مستحدث للدرس؛ يحتاج إقرار الصياغة.;منخفضة;بانتظار المراجعة;;;وَهِيَ ثَمَانِيَةٌ:;;u4/u4l7/objective;#/lesson/u4/u4l7
103;الفقه;واجبات الصلاة والفرق بينها وبين الأركان;سؤال النقاش الأسري;راجعوا معًا لفظ التشهد الأول، واختبروا بعضكم في الفرق بين الركن والواجب.;صياغة تعليمية مساعدة;33;اقتراح نشاط أسري مستحدث؛ يحتاج إقرار الصياغة.;منخفضة;بانتظار المراجعة;;;وَهِيَ ثَمَانِيَةٌ:;;u4/u4l7/family;#/lesson/u4/u4l7
105;الفقه;من سنن الصلاة;مدخل الدرس;سننٌ كثيرة لو حرصت عليها لصارت صلاتك أقرب إلى صلاة النبي ﷺ.;صياغة تعليمية مساعدة;34;مدخل تشويقي مستحدث ليس من الكتاب؛ يحتاج إقرار الصياغة والأسلوب.;منخفضة;بانتظار المراجعة;;;١: الِاسْتِفْتَاحُ. | ٢: جَعْلُ كَفِّ الْيَدِ الْيُمْنَى عَلَى الْيُسْرَى حِينَ الْقِيَامِ قَبْلَ الرُّكُوعِ وَبَعْدَهُ. | ٣: رَفْعُ الْيَدَيْنِ مَضْمُومَتَيِ الْأَصَابِعِ مَمْدُودَةً حَذْوَ الْمَنْكِبَيْنِ أَوِ الْأُذُنَيْنِ عِنْدَ التَّكْبِيرِ الْأَوَّلِ، وَعِنْدَ الرُّكُوعِ، وَالرَّفْعِ مِنْهُ، وَعِنْدَ الْقِيَامِ مِنَ التَّشَهُّدِ الْأَوَّلِ إِلَى الثَّالِثَةِ. | ٤: مَا زَادَ عَنْ وَاحِدَةٍ فِي تَسْبِيحِ الرُّكُوعِ وَالسُّجُودِ. | ٥: مَا زَادَ عَلَى قَوْلِ: (رَبَّنَا وَلَكَ الْحَمْدُ) بَعْدَ الْقِيَامِ مِنَ الرُّكُوعِ. | ٦: مَا زَادَ عَنْ وَاحِدَةٍ فِي الدُّعَاءِ بِالْمَغْفِرَةِ بَيْنَ الس;;u4/u4l8/hook;#/lesson/u4/u4l8
106;الفقه;من سنن الصلاة;هدف الدرس;أن تعرف جملةً من سنن الصلاة، والصلاة الإبراهيمية، وما يُستعاذ منه بعد التشهد.;صياغة تعليمية مساعدة;34;هدف إجرائي مستحدث للدرس؛ يحتاج إقرار الصياغة.;منخفضة;بانتظار المراجعة;;;١: الِاسْتِفْتَاحُ. | ٢: جَعْلُ كَفِّ الْيَدِ الْيُمْنَى عَلَى الْيُسْرَى حِينَ الْقِيَامِ قَبْلَ الرُّكُوعِ وَبَعْدَهُ. | ٣: رَفْعُ الْيَدَيْنِ مَضْمُومَتَيِ الْأَصَابِعِ مَمْدُودَةً حَذْوَ الْمَنْكِبَيْنِ أَوِ الْأُذُنَيْنِ عِنْدَ التَّكْبِيرِ الْأَوَّلِ، وَعِنْدَ الرُّكُوعِ، وَالرَّفْعِ مِنْهُ، وَعِنْدَ الْقِيَامِ مِنَ التَّشَهُّدِ الْأَوَّلِ إِلَى الثَّالِثَةِ. | ٤: مَا زَادَ عَنْ وَاحِدَةٍ فِي تَسْبِيحِ الرُّكُوعِ وَالسُّجُودِ. | ٥: مَا زَادَ عَلَى قَوْلِ: (رَبَّنَا وَلَكَ الْحَمْدُ) بَعْدَ الْقِيَامِ مِنَ الرُّكُوعِ. | ٦: مَا زَادَ عَنْ وَاحِدَةٍ فِي الدُّعَاءِ بِالْمَغْفِرَةِ بَيْنَ الس;;u4/u4l8/objective;#/lesson/u4/u4l8
108;الفقه;مبطلات الصلاة;مدخل الدرس;ثمانية أمور تُبطل صلاتك وأنت قائم بين يدي ربك.;صياغة تعليمية مساعدة;36;مدخل تشويقي مستحدث ليس من الكتاب؛ يحتاج إقرار الصياغة والأسلوب.;منخفضة;بانتظار المراجعة;;;وَهِيَ ثَمَانِيَةٌ:;;u4/u4l9/hook;#/lesson/u4/u4l9
109;الفقه;مبطلات الصلاة;هدف الدرس;أن تعرف مبطلات الصلاة الثمانية.;صياغة تعليمية مساعدة;36;هدف إجرائي مستحدث للدرس؛ يحتاج إقرار الصياغة.;منخفضة;بانتظار المراجعة;;;وَهِيَ ثَمَانِيَةٌ:;;u4/u4l9/objective;#/lesson/u4/u4l9
111;الفقه;من صلاة التطوع;مدخل الدرس;اثنتا عشرة ركعة في اليوم تبني لك بيتًا في الجنة. أتعرف مواضعها؟;صياغة تعليمية مساعدة;36;مدخل تشويقي مستحدث ليس من الكتاب؛ يحتاج إقرار الصياغة والأسلوب.;منخفضة;بانتظار المراجعة;;;السُّنَنُ الرَّوَاتِبُ، وَهِيَ: أَرْبَعُ رَكَعَاتٍ قَبْلَ الظُّهْرِ، وَرَكْعَتَانِ بَعْدَهَا، وَرَكْعَتَانِ بَعْدَ الْمَغْرِبِ، وَرَكْعَتَانِ بَعْدَ الْعِشَاءِ، وَرَكْعَتَانِ قَبْلَ الْفَجْرِ.;;u4/u4l10/hook;#/lesson/u4/u4l10
112;الفقه;من صلاة التطوع;هدف الدرس;أن تعرف السنن الرواتب وأوقاتها، وصلاة الضحى والوتر.;صياغة تعليمية مساعدة;36;هدف إجرائي مستحدث للدرس؛ يحتاج إقرار الصياغة.;منخفضة;بانتظار المراجعة;;;السُّنَنُ الرَّوَاتِبُ، وَهِيَ: أَرْبَعُ رَكَعَاتٍ قَبْلَ الظُّهْرِ، وَرَكْعَتَانِ بَعْدَهَا، وَرَكْعَتَانِ بَعْدَ الْمَغْرِبِ، وَرَكْعَتَانِ بَعْدَ الْعِشَاءِ، وَرَكْعَتَانِ قَبْلَ الْفَجْرِ.;;u4/u4l10/objective;#/lesson/u4/u4l10
115;الأذكار والآداب;أذكار الصباح;مدخل الدرس;دقائق معدودة في أول نهارك تجعلك في حفظ الله إلى المساء. فهل تعرف ألفاظها ووقتها؟;صياغة تعليمية مساعدة;41;مدخل تشويقي مستحدث ليس من الكتاب؛ يحتاج إقرار الصياغة والأسلوب.;منخفضة;بانتظار المراجعة;;;وَوَقْتُهَا مِنْ طُلُوعِ الْفَجْرِ الثَّانِي إِلَى طُلُوعِ الشَّمْسِ.;;u5/u5l1/hook;#/lesson/u5/u5l1
116;الأذكار والآداب;أذكار الصباح;هدف الدرس;أن تعرف وقت أذكار الصباح وألفاظها كما ذكرها الكتاب.;صياغة تعليمية مساعدة;41;هدف إجرائي مستحدث للدرس؛ يحتاج إقرار الصياغة.;منخفضة;بانتظار المراجعة;;;وَوَقْتُهَا مِنْ طُلُوعِ الْفَجْرِ الثَّانِي إِلَى طُلُوعِ الشَّمْسِ.;;u5/u5l1/objective;#/lesson/u5/u5l1
118;الأذكار والآداب;أذكار الصباح;سؤال النقاش الأسري;اجعلوا للبيت وقتًا ثابتًا بعد الفجر لقراءة أذكار الصباح جماعةً.;صياغة تعليمية مساعدة;41;اقتراح نشاط أسري مستحدث؛ يحتاج إقرار الصياغة.;منخفضة;بانتظار المراجعة;;;وَوَقْتُهَا مِنْ طُلُوعِ الْفَجْرِ الثَّانِي إِلَى طُلُوعِ الشَّمْسِ.;;u5/u5l1/family;#/lesson/u5/u5l1
120;الأذكار والآداب;أذكار المساء;مدخل الدرس;حصنك في الليل يبدأ من غروب الشمس. هل تعرف متى يبدأ وقته ومتى ينتهي؟;صياغة تعليمية مساعدة;44;مدخل تشويقي مستحدث ليس من الكتاب؛ يحتاج إقرار الصياغة والأسلوب.;منخفضة;بانتظار المراجعة;;;وَوَقْتُهَا مِنْ غُرُوبِ الشَّمْسِ إِلَى غِيَابِ الشَّفَقِ الْأَحْمَرِ، وَهُوَ ابْتِدَاءُ وَقْتِ الْعِشَاءِ.;;u5/u5l2/hook;#/lesson/u5/u5l2
121;الأذكار والآداب;أذكار المساء;هدف الدرس;أن تعرف وقت أذكار المساء وألفاظها، والفروق بينها وبين أذكار الصباح.;صياغة تعليمية مساعدة;44;هدف إجرائي مستحدث للدرس؛ يحتاج إقرار الصياغة.;منخفضة;بانتظار المراجعة;;;وَوَقْتُهَا مِنْ غُرُوبِ الشَّمْسِ إِلَى غِيَابِ الشَّفَقِ الْأَحْمَرِ، وَهُوَ ابْتِدَاءُ وَقْتِ الْعِشَاءِ.;;u5/u5l2/objective;#/lesson/u5/u5l2
123;الأذكار والآداب;الأذكار بعد الصلوات الخمس;مدخل الدرس;بعد كل صلاة بابٌ من الأجر لا يستغرق دقائق. فما ترتيبه؟ وما الذي يُجهر به وما الذي يُسرّ؟;صياغة تعليمية مساعدة;47;مدخل تشويقي مستحدث ليس من الكتاب؛ يحتاج إقرار الصياغة والأسلوب.;منخفضة;بانتظار المراجعة;;;يَسْتَغْفِرُ اللهَ ثَلَاثًا، وَيَقُولُ: (اللَّهُمَّ أَنْتَ السَّلَامُ، وَمِنْكَ السَّلَامُ، تَبَارَكْتَ يَا ذَا الْجَلَالِ وَالْإِكْرَامِ). هَذَا أَوَّلُ مَا يَبْدَأُ بِهِ مِنَ الْأَذْكَارِ، وَأَمَّا الَّذِي بَعْدَهُ فَلَمْ يَثْبُتْ فِيهِ تَرْتِيبٌ.;;u5/u5l3/hook;#/lesson/u5/u5l3
124;الأذكار والآداب;الأذكار بعد الصلوات الخمس;هدف الدرس;أن تعرف أذكار ما بعد الصلاة، وصفات التسبيح الخمس، وحكم الجهر بها.;صياغة تعليمية مساعدة;47;هدف إجرائي مستحدث للدرس؛ يحتاج إقرار الصياغة.;منخفضة;بانتظار المراجعة;;;يَسْتَغْفِرُ اللهَ ثَلَاثًا، وَيَقُولُ: (اللَّهُمَّ أَنْتَ السَّلَامُ، وَمِنْكَ السَّلَامُ، تَبَارَكْتَ يَا ذَا الْجَلَالِ وَالْإِكْرَامِ). هَذَا أَوَّلُ مَا يَبْدَأُ بِهِ مِنَ الْأَذْكَارِ، وَأَمَّا الَّذِي بَعْدَهُ فَلَمْ يَثْبُتْ فِيهِ تَرْتِيبٌ.;;u5/u5l3/objective;#/lesson/u5/u5l3
126;الأذكار والآداب;أذكار النوم;مدخل الدرس;ثلثُ عمرك نوم. هل تجعله عبادةً محفوظة، أم غفلةً مكشوفة؟;صياغة تعليمية مساعدة;49;مدخل تشويقي مستحدث ليس من الكتاب؛ يحتاج إقرار الصياغة والأسلوب.;منخفضة;بانتظار المراجعة;;;إِذَا أَرَدْتَ النَّوْمَ فَتَوَضَّأْ، ثُمَّ انْفُضْ فِرَاشَكَ، ثُمَّ اضْطَجِعْ عَلَى شِقِّكَ الْأَيْمَنِ، وَضَعْ يَدَكَ الْيُمْنَى تَحْتَ خَدِّكَ الْأَيْمَنِ، وَقُلْ:;;u5/u5l4/hook;#/lesson/u5/u5l4
127;الأذكار والآداب;أذكار النوم;هدف الدرس;أن تعرف هيئة النوم المسنونة وأذكاره، وآخر ما يُقال قبله.;صياغة تعليمية مساعدة;49;هدف إجرائي مستحدث للدرس؛ يحتاج إقرار الصياغة.;منخفضة;بانتظار المراجعة;;;إِذَا أَرَدْتَ النَّوْمَ فَتَوَضَّأْ، ثُمَّ انْفُضْ فِرَاشَكَ، ثُمَّ اضْطَجِعْ عَلَى شِقِّكَ الْأَيْمَنِ، وَضَعْ يَدَكَ الْيُمْنَى تَحْتَ خَدِّكَ الْأَيْمَنِ، وَقُلْ:;;u5/u5l4/objective;#/lesson/u5/u5l4
129;الأذكار والآداب;أذكار الاستيقاظ من النوم;مدخل الدرس;أول جملة تقولها بعد أن يردّ الله عليك روحك — ما هي؟;صياغة تعليمية مساعدة;50;مدخل تشويقي مستحدث ليس من الكتاب؛ يحتاج إقرار الصياغة والأسلوب.;منخفضة;بانتظار المراجعة;;;(الْحَمْدُ لِلهِ الَّذِي أَحْيَانَا بَعْدَمَا أَمَاتَنَا وَإِلَيْهِ النُّشُورُ).;;u5/u5l5/hook;#/lesson/u5/u5l5
130;الأذكار والآداب;أذكار الاستيقاظ من النوم;هدف الدرس;أن تعرف ذكر الاستيقاظ وما يُقرأ عند القيام من نوم الليل.;صياغة تعليمية مساعدة;50;هدف إجرائي مستحدث للدرس؛ يحتاج إقرار الصياغة.;منخفضة;بانتظار المراجعة;;;(الْحَمْدُ لِلهِ الَّذِي أَحْيَانَا بَعْدَمَا أَمَاتَنَا وَإِلَيْهِ النُّشُورُ).;;u5/u5l5/objective;#/lesson/u5/u5l5
132;الأذكار والآداب;إن رأى في نومه ما يكره;مدخل الدرس;رؤيا مزعجة أفزعتك في الليل. ما التصرّف الصحيح؟ وما الخطأ الشائع؟;صياغة تعليمية مساعدة;50;مدخل تشويقي مستحدث ليس من الكتاب؛ يحتاج إقرار الصياغة والأسلوب.;منخفضة;بانتظار المراجعة;;;يَنْفُثُ عَنْ يَسَارِهِ ثَلَاثَ مَرَّاتٍ، وَيَتَعَوَّذُ بِاللهِ مِنْ شَرِّهِ، وَلَا يُخْبِرُ بِهِ أَحَدًا.;;u5/u5l6/hook;#/lesson/u5/u5l6
133;الأذكار والآداب;إن رأى في نومه ما يكره;هدف الدرس;أن تعرف ما يفعله من رأى في نومه ما يكره.;صياغة تعليمية مساعدة;50;هدف إجرائي مستحدث للدرس؛ يحتاج إقرار الصياغة.;منخفضة;بانتظار المراجعة;;;يَنْفُثُ عَنْ يَسَارِهِ ثَلَاثَ مَرَّاتٍ، وَيَتَعَوَّذُ بِاللهِ مِنْ شَرِّهِ، وَلَا يُخْبِرُ بِهِ أَحَدًا.;;u5/u5l6/objective;#/lesson/u5/u5l6
136;الأذكار والآداب;من استيقظ من الليل;مدخل الدرس;ذكرٌ إن قلته حين تتقلّب في فراشك ثم دعوت استُجيب لك.;صياغة تعليمية مساعدة;51;مدخل تشويقي مستحدث ليس من الكتاب؛ يحتاج إقرار الصياغة والأسلوب.;منخفضة;بانتظار المراجعة;;;(لَا إِلَهَ إِلَّا اللهُ وَحْدَهُ لَا شَرِيكَ لَهُ، لَهُ الْمُلْكُ، وَلَهُ الْحَمْدُ، وَهُوَ عَلَى كُلِّ شَيْءٍ قَدِيرٌ، الْحَمْدُ لِلهِ، وَسُبْحَانَ اللهِ، وَلَا إِلَهَ إِلَّا اللهُ، وَاللهُ أَكْبَرُ، وَلَا حَوْلَ وَلَا قُوَّةَ إِلَّا بِاللهِ).;;u5/u5l7/hook;#/lesson/u5/u5l7
137;الأذكار والآداب;من استيقظ من الليل;هدف الدرس;أن تعرف ذكر من استيقظ من الليل وما رُتِّب عليه.;صياغة تعليمية مساعدة;51;هدف إجرائي مستحدث للدرس؛ يحتاج إقرار الصياغة.;منخفضة;بانتظار المراجعة;;;(لَا إِلَهَ إِلَّا اللهُ وَحْدَهُ لَا شَرِيكَ لَهُ، لَهُ الْمُلْكُ، وَلَهُ الْحَمْدُ، وَهُوَ عَلَى كُلِّ شَيْءٍ قَدِيرٌ، الْحَمْدُ لِلهِ، وَسُبْحَانَ اللهِ، وَلَا إِلَهَ إِلَّا اللهُ، وَاللهُ أَكْبَرُ، وَلَا حَوْلَ وَلَا قُوَّةَ إِلَّا بِاللهِ).;;u5/u5l7/objective;#/lesson/u5/u5l7
139;الأذكار والآداب;آداب الأكل والشرب;مدخل الدرس;ثلاث دُفعات في شرب الماء، وسنّةٌ في نسيان التسمية. كم منها تطبّق؟;صياغة تعليمية مساعدة;51;مدخل تشويقي مستحدث ليس من الكتاب؛ يحتاج إقرار الصياغة والأسلوب.;منخفضة;بانتظار المراجعة;;;يَكُونُ بِالْيَمِينِ، جَالِسًا، وَيَقُولُ قَبْلَ الْأَكْلِ وَالشُّرْبِ: (بِاسْمِ اللهِ)، وَيَأْكُلُ مِمَّا يَلِيهِ.;;u5/u5l8/hook;#/lesson/u5/u5l8
140;الأذكار والآداب;آداب الأكل والشرب;هدف الدرس;أن تعرف آداب الأكل والشرب كما ذكرها الكتاب.;صياغة تعليمية مساعدة;51;هدف إجرائي مستحدث للدرس؛ يحتاج إقرار الصياغة.;منخفضة;بانتظار المراجعة;;;يَكُونُ بِالْيَمِينِ، جَالِسًا، وَيَقُولُ قَبْلَ الْأَكْلِ وَالشُّرْبِ: (بِاسْمِ اللهِ)، وَيَأْكُلُ مِمَّا يَلِيهِ.;;u5/u5l8/objective;#/lesson/u5/u5l8
142;الأذكار والآداب;آداب الأكل والشرب;سؤال النقاش الأسري;طبّقوا على مائدة اليوم: التسمية، والأكل باليمين، والأكل مما يليه، والحمد في الختام.;صياغة تعليمية مساعدة;51;اقتراح نشاط أسري مستحدث؛ يحتاج إقرار الصياغة.;منخفضة;بانتظار المراجعة;;;يَكُونُ بِالْيَمِينِ، جَالِسًا، وَيَقُولُ قَبْلَ الْأَكْلِ وَالشُّرْبِ: (بِاسْمِ اللهِ)، وَيَأْكُلُ مِمَّا يَلِيهِ.;;u5/u5l8/family;#/lesson/u5/u5l8
144;الأذكار والآداب;آداب الخلاء;مدخل الدرس;أذكارٌ وآدابٌ في أخصّ أحوالك — دليلٌ على شمول هذا الدين.;صياغة تعليمية مساعدة;52;مدخل تشويقي مستحدث ليس من الكتاب؛ يحتاج إقرار الصياغة والأسلوب.;منخفضة;بانتظار المراجعة;;;عِنْدَ دُخُولِهِ يُقَدِّمُ رِجْلَهُ الْيُسْرَى وَيَقُولُ: (بِسْمِ اللهِ، اللَّهُمَّ إِنِّي أَعُوذُ بِكَ مِنَ الْخُبْثِ وَالْخَبَائِثِ).;;u5/u5l9/hook;#/lesson/u5/u5l9
145;الأذكار والآداب;آداب الخلاء;هدف الدرس;أن تعرف أذكار دخول الخلاء والخروج منه وآدابه.;صياغة تعليمية مساعدة;52;هدف إجرائي مستحدث للدرس؛ يحتاج إقرار الصياغة.;منخفضة;بانتظار المراجعة;;;عِنْدَ دُخُولِهِ يُقَدِّمُ رِجْلَهُ الْيُسْرَى وَيَقُولُ: (بِسْمِ اللهِ، اللَّهُمَّ إِنِّي أَعُوذُ بِكَ مِنَ الْخُبْثِ وَالْخَبَائِثِ).;;u5/u5l9/objective;#/lesson/u5/u5l9
147;الأذكار والآداب;السلام;مدخل الدرس;تحيةُ أهل الجنة، وأول ما تفتح به قلوب الناس. فما صيغتها الكاملة؟;صياغة تعليمية مساعدة;52;مدخل تشويقي مستحدث ليس من الكتاب؛ يحتاج إقرار الصياغة والأسلوب.;منخفضة;بانتظار المراجعة;;;إِذَا لَقِيتَ مُسْلِمًا فَسَلِّمْ عَلَيْهِ قَائِلًا: (السَّلَامُ عَلَيْكُمْ وَرَحْمَةُ اللهِ وَبَرَكَاتُهُ)، وَإِنْ سَلَّمَ عَلَيْكَ فَقُلْ: (وَعَلَيْكُمُ السَّلَامُ وَرَحْمَةُ اللهِ وَبَرَكَاتُهُ).;;u5/u5l10/hook;#/lesson/u5/u5l10
148;الأذكار والآداب;السلام;هدف الدرس;أن تعرف صيغة السلام وردّه.;صياغة تعليمية مساعدة;52;هدف إجرائي مستحدث للدرس؛ يحتاج إقرار الصياغة.;منخفضة;بانتظار المراجعة;;;إِذَا لَقِيتَ مُسْلِمًا فَسَلِّمْ عَلَيْهِ قَائِلًا: (السَّلَامُ عَلَيْكُمْ وَرَحْمَةُ اللهِ وَبَرَكَاتُهُ)، وَإِنْ سَلَّمَ عَلَيْكَ فَقُلْ: (وَعَلَيْكُمُ السَّلَامُ وَرَحْمَةُ اللهِ وَبَرَكَاتُهُ).;;u5/u5l10/objective;#/lesson/u5/u5l10
150;الأذكار والآداب;الاستئذان وآداب المجلس;مدخل الدرس;طرقتَ الباب ثلاثًا فلم يُؤذن لك. ماذا تفعل؟ وماذا تقول لو سُئلت: مَن؟;صياغة تعليمية مساعدة;52;مدخل تشويقي مستحدث ليس من الكتاب؛ يحتاج إقرار الصياغة والأسلوب.;منخفضة;بانتظار المراجعة;;;إِذَا أَرَدْتَ الدُّخُولَ عَلَى أَحَدٍ فَاسْتَأْذِنْ، وَاقِفًا عَنْ يَمِينِ الْبَابِ أَوْ يَسَارِهِ، وَإِنْ أَرَدْتَ أَنْ تُكَرِّرَ الِاسْتِئْذَانَ فَكَرِّرْهُ ثَلَاثًا فَقَطْ، فَإِنْ سَأَلَكَ فَقَالَ: مَنْ؟ فَقُلْ: فُلَانٌ، وَلَا تَقُلْ: أَنَا. فَإِنْ أَذِنَ لَكَ دَخَلْتَ، وَإِنْ قِيلَ لَكَ: ارْجِعْ. فَارْجِعْ.;;u5/u5l11/hook;#/lesson/u5/u5l11
151;الأذكار والآداب;الاستئذان وآداب المجلس;هدف الدرس;أن تعرف آداب الاستئذان وآداب المجلس كما ذكرها الكتاب.;صياغة تعليمية مساعدة;52;هدف إجرائي مستحدث للدرس؛ يحتاج إقرار الصياغة.;منخفضة;بانتظار المراجعة;;;إِذَا أَرَدْتَ الدُّخُولَ عَلَى أَحَدٍ فَاسْتَأْذِنْ، وَاقِفًا عَنْ يَمِينِ الْبَابِ أَوْ يَسَارِهِ، وَإِنْ أَرَدْتَ أَنْ تُكَرِّرَ الِاسْتِئْذَانَ فَكَرِّرْهُ ثَلَاثًا فَقَطْ، فَإِنْ سَأَلَكَ فَقَالَ: مَنْ؟ فَقُلْ: فُلَانٌ، وَلَا تَقُلْ: أَنَا. فَإِنْ أَذِنَ لَكَ دَخَلْتَ، وَإِنْ قِيلَ لَكَ: ارْجِعْ. فَارْجِعْ.;;u5/u5l11/objective;#/lesson/u5/u5l11
154;الأذكار والآداب;أذكار المسجد;مدخل الدرس;ذكرٌ عند الدخول وذكرٌ عند الخروج — بينهما فرقٌ لطيف في المعنى.;صياغة تعليمية مساعدة;53;مدخل تشويقي مستحدث ليس من الكتاب؛ يحتاج إقرار الصياغة والأسلوب.;منخفضة;بانتظار المراجعة;;;يَقُولُ عِنْدَ دُخُولِهِ: (اللَّهُمَّ افْتَحْ لِي أَبْوَابَ رَحْمَتِكَ). وَعِنْدَ خُرُوجِهِ: (اللَّهُمَّ إِنِّي أَسْأَلُكَ مِنْ فَضْلِكَ).;;u5/u5l12/hook;#/lesson/u5/u5l12
155;الأذكار والآداب;أذكار المسجد;هدف الدرس;أن تعرف ذكر دخول المسجد والخروج منه.;صياغة تعليمية مساعدة;53;هدف إجرائي مستحدث للدرس؛ يحتاج إقرار الصياغة.;منخفضة;بانتظار المراجعة;;;يَقُولُ عِنْدَ دُخُولِهِ: (اللَّهُمَّ افْتَحْ لِي أَبْوَابَ رَحْمَتِكَ). وَعِنْدَ خُرُوجِهِ: (اللَّهُمَّ إِنِّي أَسْأَلُكَ مِنْ فَضْلِكَ).;;u5/u5l12/objective;#/lesson/u5/u5l12
158;الأذكار والآداب;عند العطاس;مدخل الدرس;ثلاث جُمل قصيرة بينك وبين أخيك تُحوّل عطسةً عابرة إلى سنّة وأجر.;صياغة تعليمية مساعدة;53;مدخل تشويقي مستحدث ليس من الكتاب؛ يحتاج إقرار الصياغة والأسلوب.;منخفضة;بانتظار المراجعة;;;يُغَطِّي الْعَاطِسُ وَجْهَهُ، فَإِذَا عَطَسَ يَقُولُ: (الْحَمْدُ لِلهِ). وَيَرُدُّ عَلَيْهِ مَنْ سَمِعَهُ فَيَقُولُ: (يَرْحَمُكَ اللهُ). فَيَرُدُّ عَلَيْهِ وَيَقُولُ: (يَهْدِيكُمُ اللهُ وَيُصْلِحُ بَالَكُمْ).;;u5/u5l13/hook;#/lesson/u5/u5l13
159;الأذكار والآداب;عند العطاس;هدف الدرس;أن تعرف ما يقوله العاطس ومن سمعه وما يردّ به.;صياغة تعليمية مساعدة;53;هدف إجرائي مستحدث للدرس؛ يحتاج إقرار الصياغة.;منخفضة;بانتظار المراجعة;;;يُغَطِّي الْعَاطِسُ وَجْهَهُ، فَإِذَا عَطَسَ يَقُولُ: (الْحَمْدُ لِلهِ). وَيَرُدُّ عَلَيْهِ مَنْ سَمِعَهُ فَيَقُولُ: (يَرْحَمُكَ اللهُ). فَيَرُدُّ عَلَيْهِ وَيَقُولُ: (يَهْدِيكُمُ اللهُ وَيُصْلِحُ بَالَكُمْ).;;u5/u5l13/objective;#/lesson/u5/u5l13
161;الأذكار والآداب;التثاؤب;مدخل الدرس;سؤال يتكرّر: هل للتثاؤب ذكرٌ خاص؟ الجواب في سطرين.;صياغة تعليمية مساعدة;54;مدخل تشويقي مستحدث ليس من الكتاب؛ يحتاج إقرار الصياغة والأسلوب.;منخفضة;بانتظار المراجعة;;;يَرُدُّهُ مَا اسْتَطَاعَ، وَيُمْسِكُ بِيَدِهِ عَلَى فِيهِ، وَلَا يَقُولُ: آهْ آهْ. وَلَيْسَ لَهُ ذِكْرٌ خَاصٌّ.;;u5/u5l14/hook;#/lesson/u5/u5l14
162;الأذكار والآداب;التثاؤب;هدف الدرس;أن تعرف ما يُفعل عند التثاؤب، وأنه لا ذكر خاص له.;صياغة تعليمية مساعدة;54;هدف إجرائي مستحدث للدرس؛ يحتاج إقرار الصياغة.;منخفضة;بانتظار المراجعة;;;يَرُدُّهُ مَا اسْتَطَاعَ، وَيُمْسِكُ بِيَدِهِ عَلَى فِيهِ، وَلَا يَقُولُ: آهْ آهْ. وَلَيْسَ لَهُ ذِكْرٌ خَاصٌّ.;;u5/u5l14/objective;#/lesson/u5/u5l14
164;الأذكار والآداب;عند الكرب;مدخل الدرس;حين يضيق صدرك ولا تجد مخرجًا، هذه كلمات علّمك إياها نبيّك ﷺ.;صياغة تعليمية مساعدة;54;مدخل تشويقي مستحدث ليس من الكتاب؛ يحتاج إقرار الصياغة والأسلوب.;منخفضة;بانتظار المراجعة;;;(لَا إِلَهَ إِلَّا اللهُ الْعَظِيمُ الْحَلِيمُ، لَا إِلَهَ إِلَّا اللهُ رَبُّ الْعَرْشِ الْعَظِيمِ، لَا إِلَهَ إِلَّا اللهُ رَبُّ السَّمَاوَاتِ وَرَبُّ الْأَرْضِ وَرَبُّ الْعَرْشِ الْعَظِيمِ).;;u5/u5l15/hook;#/lesson/u5/u5l15
165;الأذكار والآداب;عند الكرب;هدف الدرس;أن تحفظ دعاء الكرب.;صياغة تعليمية مساعدة;54;هدف إجرائي مستحدث للدرس؛ يحتاج إقرار الصياغة.;منخفضة;بانتظار المراجعة;;;(لَا إِلَهَ إِلَّا اللهُ الْعَظِيمُ الْحَلِيمُ، لَا إِلَهَ إِلَّا اللهُ رَبُّ الْعَرْشِ الْعَظِيمِ، لَا إِلَهَ إِلَّا اللهُ رَبُّ السَّمَاوَاتِ وَرَبُّ الْأَرْضِ وَرَبُّ الْعَرْشِ الْعَظِيمِ).;;u5/u5l15/objective;#/lesson/u5/u5l15
167;الأذكار والآداب;الاستخارة;مدخل الدرس;حِرْتَ بين أمرين ولا تدري أيّهما خير لك. صلاةٌ ودعاءٌ يحسمان تردّدك.;صياغة تعليمية مساعدة;54;مدخل تشويقي مستحدث ليس من الكتاب؛ يحتاج إقرار الصياغة والأسلوب.;منخفضة;بانتظار المراجعة;;;إِذَا تَرَدَّدَ بَيْنَ فِعْلِ أَمْرٍ أَوْ تَرْكِهِ، أَوْ تَرَدَّدَ بَيْنَ أَمْرَيْنِ أَيَّهُمَا يَفْعَلُهُ، فَإِنَّهُ يُصَلِّي رَكْعَتَيْنِ، وَيَقُولُ بَعْدَمَا يُسَلِّمُ مِنَ الصَّلَاةِ:;;u5/u5l16/hook;#/lesson/u5/u5l16
168;الأذكار والآداب;الاستخارة;هدف الدرس;أن تعرف متى تُشرع الاستخارة وكيفيتها ولفظ دعائها.;صياغة تعليمية مساعدة;54;هدف إجرائي مستحدث للدرس؛ يحتاج إقرار الصياغة.;منخفضة;بانتظار المراجعة;;;إِذَا تَرَدَّدَ بَيْنَ فِعْلِ أَمْرٍ أَوْ تَرْكِهِ، أَوْ تَرَدَّدَ بَيْنَ أَمْرَيْنِ أَيَّهُمَا يَفْعَلُهُ، فَإِنَّهُ يُصَلِّي رَكْعَتَيْنِ، وَيَقُولُ بَعْدَمَا يُسَلِّمُ مِنَ الصَّلَاةِ:;;u5/u5l16/objective;#/lesson/u5/u5l16
170;الأذكار والآداب;الاستخارة;سؤال النقاش الأسري;اتفقوا على أن يستخير كل واحد منكم في قرارٍ قادم، وتذاكروا معنى (ثم أرضني).;صياغة تعليمية مساعدة;54;اقتراح نشاط أسري مستحدث؛ يحتاج إقرار الصياغة.;منخفضة;بانتظار المراجعة;;;إِذَا تَرَدَّدَ بَيْنَ فِعْلِ أَمْرٍ أَوْ تَرْكِهِ، أَوْ تَرَدَّدَ بَيْنَ أَمْرَيْنِ أَيَّهُمَا يَفْعَلُهُ، فَإِنَّهُ يُصَلِّي رَكْعَتَيْنِ، وَيَقُولُ بَعْدَمَا يُسَلِّمُ مِنَ الصَّلَاةِ:;;u5/u5l16/family;#/lesson/u5/u5l16
171;الأذكار والآداب;صلة الرحم;مدخل الدرس;مَن هم رَحِمُك الذين تجب صلتهم؟ وما مقدار الصلة الواجبة؟;صياغة تعليمية مساعدة;55;مدخل تشويقي مستحدث ليس من الكتاب؛ يحتاج إقرار الصياغة والأسلوب.;منخفضة;بانتظار المراجعة;;;وَهُمُ الْأَقَارِبُ فِي النَّسَبِ مِنْ جِهَةِ الْأَبِ وَالْأُمِّ، الْأَقْرَبُ فَالْأَقْرَبُ، وَالْوَاجِبُ مِنْ ذَلِكَ: كُلُّ أُنْثَى يَحْرُمُ نِكَاحُهَا مِنْ جِهَةِ النَّسَبِ، وَكُلُّ رَجُلٍ لَوْ كَانَ أُنْثَى حَرُمَ نِكَاحُهُ مِنْ جِهَةِ النَّسَبِ، وَأَعْظَمُهُمُ الْوَالِدَانِ.;;u5/u5l17/hook;#/lesson/u5/u5l17
172;الأذكار والآداب;صلة الرحم;هدف الدرس;أن تعرف تعريف الرحم الواجب صلته، وصفة الصلة، وجزاء الواصل والقاطع.;صياغة تعليمية مساعدة;55;هدف إجرائي مستحدث للدرس؛ يحتاج إقرار الصياغة.;منخفضة;بانتظار المراجعة;;;وَهُمُ الْأَقَارِبُ فِي النَّسَبِ مِنْ جِهَةِ الْأَبِ وَالْأُمِّ، الْأَقْرَبُ فَالْأَقْرَبُ، وَالْوَاجِبُ مِنْ ذَلِكَ: كُلُّ أُنْثَى يَحْرُمُ نِكَاحُهَا مِنْ جِهَةِ النَّسَبِ، وَكُلُّ رَجُلٍ لَوْ كَانَ أُنْثَى حَرُمَ نِكَاحُهُ مِنْ جِهَةِ النَّسَبِ، وَأَعْظَمُهُمُ الْوَالِدَانِ.;;u5/u5l17/objective;#/lesson/u5/u5l17
174;الأخلاق;الصدق;مدخل الدرس;كلمةٌ صغيرة تُكتب بها عند الله صِدِّيقًا، أو كذّابًا. أيّهما تختار؟;صياغة تعليمية مساعدة;59;مدخل تشويقي مستحدث ليس من الكتاب؛ يحتاج إقرار الصياغة والأسلوب.;منخفضة;بانتظار المراجعة;;;«إِنَّ الصِّدْقَ يَهْدِي إِلَى الْبِرِّ، وَإِنَّ الْبِرَّ يَهْدِي إِلَى الْجَنَّةِ، وَإِنَّ الرَّجُلَ لَيَصْدُقُ حَتَّى يَكُونَ صِدِّيقًا. وَإِنَّ الْكَذِبَ يَهْدِي إِلَى الْفُجُورِ، وَإِنَّ الْفُجُورَ يَهْدِي إِلَى النَّارِ، وَإِنَّ الرَّجُلَ لَيَكْذِبُ حَتَّى يُكْتَبَ عِنْدَ اللهِ كَذَّابًا»;;u6/u6l1/hook;#/lesson/u6/u6l1
175;الأخلاق;الصدق;هدف الدرس;أن تعرف دليل الصدق من الكتاب والسنة وأثره في صاحبه.;صياغة تعليمية مساعدة;59;هدف إجرائي مستحدث للدرس؛ يحتاج إقرار الصياغة.;منخفضة;بانتظار المراجعة;;;«إِنَّ الصِّدْقَ يَهْدِي إِلَى الْبِرِّ، وَإِنَّ الْبِرَّ يَهْدِي إِلَى الْجَنَّةِ، وَإِنَّ الرَّجُلَ لَيَصْدُقُ حَتَّى يَكُونَ صِدِّيقًا. وَإِنَّ الْكَذِبَ يَهْدِي إِلَى الْفُجُورِ، وَإِنَّ الْفُجُورَ يَهْدِي إِلَى النَّارِ، وَإِنَّ الرَّجُلَ لَيَكْذِبُ حَتَّى يُكْتَبَ عِنْدَ اللهِ كَذَّابًا»;;u6/u6l1/objective;#/lesson/u6/u6l1
177;الأخلاق;الصدق;سؤال النقاش الأسري;اجعلوا شعار الأسبوع في البيت: «لا كذب ولو مازحًا».;صياغة تعليمية مساعدة;59;اقتراح نشاط أسري مستحدث؛ يحتاج إقرار الصياغة.;منخفضة;بانتظار المراجعة;;;«إِنَّ الصِّدْقَ يَهْدِي إِلَى الْبِرِّ، وَإِنَّ الْبِرَّ يَهْدِي إِلَى الْجَنَّةِ، وَإِنَّ الرَّجُلَ لَيَصْدُقُ حَتَّى يَكُونَ صِدِّيقًا. وَإِنَّ الْكَذِبَ يَهْدِي إِلَى الْفُجُورِ، وَإِنَّ الْفُجُورَ يَهْدِي إِلَى النَّارِ، وَإِنَّ الرَّجُلَ لَيَكْذِبُ حَتَّى يُكْتَبَ عِنْدَ اللهِ كَذَّابًا»;;u6/u6l1/family;#/lesson/u6/u6l1
179;الأخلاق;الصبر;مدخل الدرس;أجرٌ واحد في القرآن لم يُذكر له حساب ولا عدد. لمن هو؟;صياغة تعليمية مساعدة;59;مدخل تشويقي مستحدث ليس من الكتاب؛ يحتاج إقرار الصياغة والأسلوب.;منخفضة;بانتظار المراجعة;;;«وَمَنْ يَتَصَبَّرْ يُصَبِّرْهُ اللهُ، وَمَا أُعْطِيَ أَحَدٌ عَطَاءً خَيْرًا وَأَوْسَعَ مِنَ الصَّبْرِ»;;u6/u6l2/hook;#/lesson/u6/u6l2
180;الأخلاق;الصبر;هدف الدرس;أن تعرف دليل الصبر من الكتاب والسنة وفضله.;صياغة تعليمية مساعدة;59;هدف إجرائي مستحدث للدرس؛ يحتاج إقرار الصياغة.;منخفضة;بانتظار المراجعة;;;«وَمَنْ يَتَصَبَّرْ يُصَبِّرْهُ اللهُ، وَمَا أُعْطِيَ أَحَدٌ عَطَاءً خَيْرًا وَأَوْسَعَ مِنَ الصَّبْرِ»;;u6/u6l2/objective;#/lesson/u6/u6l2
183;الأخلاق;الأمانة;مدخل الدرس;ثلاث علامات إن اجتمعت في رجل فهو منافق. أتعرفها؟;صياغة تعليمية مساعدة;60;مدخل تشويقي مستحدث ليس من الكتاب؛ يحتاج إقرار الصياغة والأسلوب.;منخفضة;بانتظار المراجعة;;;«آيَةُ الْمُنَافِقِ ثَلَاثٌ: إِذَا حَدَّثَ كَذَبَ، وَإِذَا وَعَدَ أَخْلَفَ، وَإِذَا اؤْتُمِنَ خَانَ»;;u6/u6l3/hook;#/lesson/u6/u6l3
184;الأخلاق;الأمانة;هدف الدرس;أن تعرف دليل الأمانة وعلامات المنافق الثلاث.;صياغة تعليمية مساعدة;60;هدف إجرائي مستحدث للدرس؛ يحتاج إقرار الصياغة.;منخفضة;بانتظار المراجعة;;;«آيَةُ الْمُنَافِقِ ثَلَاثٌ: إِذَا حَدَّثَ كَذَبَ، وَإِذَا وَعَدَ أَخْلَفَ، وَإِذَا اؤْتُمِنَ خَانَ»;;u6/u6l3/objective;#/lesson/u6/u6l3
188;الأخلاق;العفاف;مدخل الدرس;أبوابٌ مغلقة، وامرأةٌ ذات منصب وجمال، ولا رقيب. ماذا قال يوسف عليه السلام؟;صياغة تعليمية مساعدة;60;مدخل تشويقي مستحدث ليس من الكتاب؛ يحتاج إقرار الصياغة والأسلوب.;منخفضة;بانتظار المراجعة;;;وَهِيَ الْكَفُّ عَمَّا لَا يَحِلُّ، وَمِنْ أَخْطَرِهِ الشَّهَوَاتُ الْمُحَرَّمَةُ.;;u6/u6l4/hook;#/lesson/u6/u6l4
189;الأخلاق;العفاف;هدف الدرس;أن تعرف تعريف العفاف ودليله ودعاء النبي ﷺ به.;صياغة تعليمية مساعدة;60;هدف إجرائي مستحدث للدرس؛ يحتاج إقرار الصياغة.;منخفضة;بانتظار المراجعة;;;وَهِيَ الْكَفُّ عَمَّا لَا يَحِلُّ، وَمِنْ أَخْطَرِهِ الشَّهَوَاتُ الْمُحَرَّمَةُ.;;u6/u6l4/objective;#/lesson/u6/u6l4
192;الأخلاق;الحياء;مدخل الدرس;خُلقٌ واحد جعله النبي ﷺ شعبةً من الإيمان. فما هو؟;صياغة تعليمية مساعدة;61;مدخل تشويقي مستحدث ليس من الكتاب؛ يحتاج إقرار الصياغة والأسلوب.;منخفضة;بانتظار المراجعة;;;«إِنَّ الْحَيَاءَ مِنَ الْإِيمَانِ»;;u6/u6l5/hook;#/lesson/u6/u6l5
193;الأخلاق;الحياء;هدف الدرس;أن تعرف دليل الحياء من الكتاب والسنة.;صياغة تعليمية مساعدة;61;هدف إجرائي مستحدث للدرس؛ يحتاج إقرار الصياغة.;منخفضة;بانتظار المراجعة;;;«إِنَّ الْحَيَاءَ مِنَ الْإِيمَانِ»;;u6/u6l5/objective;#/lesson/u6/u6l5
196;الأخلاق;الشجاعة;مدخل الدرس;فزع أهل المدينة ليلًا، فمَن كان أوّل من سبقهم إلى مصدر الصوت؟;صياغة تعليمية مساعدة;61;مدخل تشويقي مستحدث ليس من الكتاب؛ يحتاج إقرار الصياغة والأسلوب.;منخفضة;بانتظار المراجعة;;;كَانَ النَّبِيُّ ﷺ أَحْسَنَ النَّاسِ وَأَشْجَعَ النَّاسِ وَأَجْوَدَ النَّاسِ، وَلَقَدْ فَزِعَ أَهْلُ الْمَدِينَةِ، فَكَانَ النَّبِيُّ ﷺ سَبَقَهُمْ عَلَى فَرَسٍ.;;u6/u6l6/hook;#/lesson/u6/u6l6
197;الأخلاق;الشجاعة;هدف الدرس;أن تعرف دليل الشجاعة، وحال النبي ﷺ فيها.;صياغة تعليمية مساعدة;61;هدف إجرائي مستحدث للدرس؛ يحتاج إقرار الصياغة.;منخفضة;بانتظار المراجعة;;;كَانَ النَّبِيُّ ﷺ أَحْسَنَ النَّاسِ وَأَشْجَعَ النَّاسِ وَأَجْوَدَ النَّاسِ، وَلَقَدْ فَزِعَ أَهْلُ الْمَدِينَةِ، فَكَانَ النَّبِيُّ ﷺ سَبَقَهُمْ عَلَى فَرَسٍ.;;u6/u6l6/objective;#/lesson/u6/u6l6
200;الأخلاق;الكرم;مدخل الدرس;الله كريم يحبّ الكرم — وهذا وحده يكفي لتغيير علاقتك بالعطاء.;صياغة تعليمية مساعدة;62;مدخل تشويقي مستحدث ليس من الكتاب؛ يحتاج إقرار الصياغة والأسلوب.;منخفضة;بانتظار المراجعة;;;«إِنَّ اللهَ كَرِيمٌ يُحِبُّ الْكَرَمَ، وَيُحِبُّ مَعَالِيَ الْأَخْلَاقِ، وَيَكْرَهُ سَفْسَافَهَا»;;u6/u6l7/hook;#/lesson/u6/u6l7
201;الأخلاق;الكرم;هدف الدرس;أن تعرف دليل الكرم من الكتاب والسنة.;صياغة تعليمية مساعدة;62;هدف إجرائي مستحدث للدرس؛ يحتاج إقرار الصياغة.;منخفضة;بانتظار المراجعة;;;«إِنَّ اللهَ كَرِيمٌ يُحِبُّ الْكَرَمَ، وَيُحِبُّ مَعَالِيَ الْأَخْلَاقِ، وَيَكْرَهُ سَفْسَافَهَا»;;u6/u6l7/objective;#/lesson/u6/u6l7
204;الأخلاق;الوفاء;مدخل الدرس;العهد الذي تعطيه اليوم ستُسأل عنه غدًا. فهل تُحسن حفظه؟;صياغة تعليمية مساعدة;62;مدخل تشويقي مستحدث ليس من الكتاب؛ يحتاج إقرار الصياغة والأسلوب.;منخفضة;بانتظار المراجعة;;;«أَرْبَعٌ مَنْ كُنَّ فِيهِ كَانَ مُنَافِقًا خَالِصًا، وَمَنْ كَانَتْ فِيهِ خَصْلَةٌ مِنْهُنَّ كَانَتْ فِيهِ خَصْلَةٌ مِنَ النِّفَاقِ حَتَّى يَدَعَهَا: إِذَا اؤْتُمِنَ خَانَ، وَإِذَا حَدَّثَ كَذَبَ، وَإِذَا عَاهَدَ غَدَرَ، وَإِذَا خَاصَمَ فَجَرَ»;;u6/u6l8/hook;#/lesson/u6/u6l8
205;الأخلاق;الوفاء;هدف الدرس;أن تعرف دليل الوفاء وخصال النفاق الأربع.;صياغة تعليمية مساعدة;62;هدف إجرائي مستحدث للدرس؛ يحتاج إقرار الصياغة.;منخفضة;بانتظار المراجعة;;;«أَرْبَعٌ مَنْ كُنَّ فِيهِ كَانَ مُنَافِقًا خَالِصًا، وَمَنْ كَانَتْ فِيهِ خَصْلَةٌ مِنْهُنَّ كَانَتْ فِيهِ خَصْلَةٌ مِنَ النِّفَاقِ حَتَّى يَدَعَهَا: إِذَا اؤْتُمِنَ خَانَ، وَإِذَا حَدَّثَ كَذَبَ، وَإِذَا عَاهَدَ غَدَرَ، وَإِذَا خَاصَمَ فَجَرَ»;;u6/u6l8/objective;#/lesson/u6/u6l8
208;الأخلاق;حسن الجوار;مدخل الدرس;ظنّ النبي ﷺ من كثرة وصية جبريل بالجار أنه سيجعل له ميراثًا. أهكذا تعامل جارك؟;صياغة تعليمية مساعدة;63;مدخل تشويقي مستحدث ليس من الكتاب؛ يحتاج إقرار الصياغة والأسلوب.;منخفضة;بانتظار المراجعة;;;«مَا زَالَ جِبْرِيلُ يُوصِينِي بِالْجَارِ حَتَّى ظَنَنْتُ أَنَّهُ سَيُوَرِّثُهُ»;;u6/u6l9/hook;#/lesson/u6/u6l9
209;الأخلاق;حسن الجوار;هدف الدرس;أن تعرف دليل حسن الجوار من الكتاب والسنة.;صياغة تعليمية مساعدة;63;هدف إجرائي مستحدث للدرس؛ يحتاج إقرار الصياغة.;منخفضة;بانتظار المراجعة;;;«مَا زَالَ جِبْرِيلُ يُوصِينِي بِالْجَارِ حَتَّى ظَنَنْتُ أَنَّهُ سَيُوَرِّثُهُ»;;u6/u6l9/objective;#/lesson/u6/u6l9
211;الأخلاق;حسن الجوار;سؤال النقاش الأسري;اتفقوا على هديّة بسيطة أو زيارة قصيرة لجارٍ هذا الأسبوع.;صياغة تعليمية مساعدة;63;اقتراح نشاط أسري مستحدث؛ يحتاج إقرار الصياغة.;منخفضة;بانتظار المراجعة;;;«مَا زَالَ جِبْرِيلُ يُوصِينِي بِالْجَارِ حَتَّى ظَنَنْتُ أَنَّهُ سَيُوَرِّثُهُ»;;u6/u6l9/family;#/lesson/u6/u6l9
213;الأخلاق;مساعدة ذي الحاجة;مدخل الدرس;كربةٌ تفرّجها عن أخيك اليوم، يفرّج الله بها عنك كربةً يوم القيامة.;صياغة تعليمية مساعدة;63;مدخل تشويقي مستحدث ليس من الكتاب؛ يحتاج إقرار الصياغة والأسلوب.;منخفضة;بانتظار المراجعة;;;«مَنْ نَفَّسَ عَنْ مُؤْمِنٍ كُرْبَةً مِنْ كُرَبِ الدُّنْيَا، نَفَّسَ اللهُ عَنْهُ كُرْبَةً مِنْ كُرَبِ يَوْمِ الْقِيَامَةِ، وَمَنْ يَسَّرَ عَلَى مُعْسِرٍ، يَسَّرَ اللهُ عَلَيْهِ فِي الدُّنْيَا وَالْآخِرَةِ، وَمَنْ سَتَرَ مُسْلِمًا، سَتَرَهُ اللهُ فِي الدُّنْيَا وَالْآخِرَةِ، وَاللهُ فِي عَوْنِ الْعَبْدِ مَا كَانَ الْعَبْدُ فِي عَوْنِ أَخِيهِ»;;u6/u6l10/hook;#/lesson/u6/u6l10
214;الأخلاق;مساعدة ذي الحاجة;هدف الدرس;أن تعرف دليل مساعدة المحتاج وجزاءها.;صياغة تعليمية مساعدة;63;هدف إجرائي مستحدث للدرس؛ يحتاج إقرار الصياغة.;منخفضة;بانتظار المراجعة;;;«مَنْ نَفَّسَ عَنْ مُؤْمِنٍ كُرْبَةً مِنْ كُرَبِ الدُّنْيَا، نَفَّسَ اللهُ عَنْهُ كُرْبَةً مِنْ كُرَبِ يَوْمِ الْقِيَامَةِ، وَمَنْ يَسَّرَ عَلَى مُعْسِرٍ، يَسَّرَ اللهُ عَلَيْهِ فِي الدُّنْيَا وَالْآخِرَةِ، وَمَنْ سَتَرَ مُسْلِمًا، سَتَرَهُ اللهُ فِي الدُّنْيَا وَالْآخِرَةِ، وَاللهُ فِي عَوْنِ الْعَبْدِ مَا كَانَ الْعَبْدُ فِي عَوْنِ أَخِيهِ»;;u6/u6l10/objective;#/lesson/u6/u6l10
217;الرقائق;الخوف والرجاء;مدخل الدرس;آيتان متجاورتان: مغفرةٌ ورحمة، وعذابٌ أليم. لماذا جمع الله بينهما؟;صياغة تعليمية مساعدة;67;مدخل تشويقي مستحدث ليس من الكتاب؛ يحتاج إقرار الصياغة والأسلوب.;منخفضة;بانتظار المراجعة;;;«لَوْ يَعْلَمُ الْمُؤْمِنُ مَا عِنْدَ اللهِ مِنَ الْعُقُوبَةِ، مَا طَمِعَ بِجَنَّتِهِ أَحَدٌ، وَلَوْ يَعْلَمُ الْكَافِرُ مَا عِنْدَ اللهِ مِنَ الرَّحْمَةِ، مَا قَنَطَ مِنْ جَنَّتِهِ أَحَدٌ»;;u7/u7l1/hook;#/lesson/u7/u7l1
218;الرقائق;الخوف والرجاء;هدف الدرس;أن تعرف الجمع بين الخوف والرجاء بدليله من الكتاب والسنة.;صياغة تعليمية مساعدة;67;هدف إجرائي مستحدث للدرس؛ يحتاج إقرار الصياغة.;منخفضة;بانتظار المراجعة;;;«لَوْ يَعْلَمُ الْمُؤْمِنُ مَا عِنْدَ اللهِ مِنَ الْعُقُوبَةِ، مَا طَمِعَ بِجَنَّتِهِ أَحَدٌ، وَلَوْ يَعْلَمُ الْكَافِرُ مَا عِنْدَ اللهِ مِنَ الرَّحْمَةِ، مَا قَنَطَ مِنْ جَنَّتِهِ أَحَدٌ»;;u7/u7l1/objective;#/lesson/u7/u7l1
221;الرقائق;الصحة والفراغ;مدخل الدرس;نعمتان لا تشعر بقيمتهما إلا بعد فقدهما، وكثير من الناس مغبونون فيهما.;صياغة تعليمية مساعدة;67;مدخل تشويقي مستحدث ليس من الكتاب؛ يحتاج إقرار الصياغة والأسلوب.;منخفضة;بانتظار المراجعة;;;«نِعْمَتَانِ مَغْبُونٌ فِيهِمَا كَثِيرٌ مِنَ النَّاسِ: الصِّحَّةُ وَالْفَرَاغُ»;;u7/u7l2/hook;#/lesson/u7/u7l2
222;الرقائق;الصحة والفراغ;هدف الدرس;أن تعرف حديث النعمتين المغبون فيهما كثير من الناس.;صياغة تعليمية مساعدة;67;هدف إجرائي مستحدث للدرس؛ يحتاج إقرار الصياغة.;منخفضة;بانتظار المراجعة;;;«نِعْمَتَانِ مَغْبُونٌ فِيهِمَا كَثِيرٌ مِنَ النَّاسِ: الصِّحَّةُ وَالْفَرَاغُ»;;u7/u7l2/objective;#/lesson/u7/u7l2
224;الرقائق;الصحة والفراغ;سؤال النقاش الأسري;اسألوا بعضكم: كيف قضيتَ فراغك اليوم؟ واقترحوا عملًا صالحًا يملأ فراغ الغد.;صياغة تعليمية مساعدة;67;اقتراح نشاط أسري مستحدث؛ يحتاج إقرار الصياغة.;منخفضة;بانتظار المراجعة;;;«نِعْمَتَانِ مَغْبُونٌ فِيهِمَا كَثِيرٌ مِنَ النَّاسِ: الصِّحَّةُ وَالْفَرَاغُ»;;u7/u7l2/family;#/lesson/u7/u7l2
226;الرقائق;المبادرة بالأعمال الصالحة;مدخل الدرس;فتنٌ كقطع الليل المظلم، يُصبح الرجل مؤمنًا ويُمسي كافرًا. فماذا تفعل الآن؟;صياغة تعليمية مساعدة;67;مدخل تشويقي مستحدث ليس من الكتاب؛ يحتاج إقرار الصياغة والأسلوب.;منخفضة;بانتظار المراجعة;;;«بَادِرُوا بِالْأَعْمَالِ، فِتَنًا كَقِطَعِ اللَّيْلِ الْمُظْلِمِ، يُصْبِحُ الرَّجُلُ مُؤْمِنًا وَيُمْسِي كَافِرًا، أَوْ يُمْسِي مُؤْمِنًا وَيُصْبِحُ كَافِرًا، يَبِيعُ دِينَهُ بِعَرَضٍ مِنَ الدُّنْيَا»;;u7/u7l3/hook;#/lesson/u7/u7l3
227;الرقائق;المبادرة بالأعمال الصالحة;هدف الدرس;أن تعرف حديث المبادرة بالأعمال وسببه.;صياغة تعليمية مساعدة;67;هدف إجرائي مستحدث للدرس؛ يحتاج إقرار الصياغة.;منخفضة;بانتظار المراجعة;;;«بَادِرُوا بِالْأَعْمَالِ، فِتَنًا كَقِطَعِ اللَّيْلِ الْمُظْلِمِ، يُصْبِحُ الرَّجُلُ مُؤْمِنًا وَيُمْسِي كَافِرًا، أَوْ يُمْسِي مُؤْمِنًا وَيُصْبِحُ كَافِرًا، يَبِيعُ دِينَهُ بِعَرَضٍ مِنَ الدُّنْيَا»;;u7/u7l3/objective;#/lesson/u7/u7l3
229;الرقائق;عابر سبيل;مدخل الدرس;أخذ النبي ﷺ بمنكب ابن عمر فقال له كلمةً غيّرت نظرته للدنيا كلها.;صياغة تعليمية مساعدة;68;مدخل تشويقي مستحدث ليس من الكتاب؛ يحتاج إقرار الصياغة والأسلوب.;منخفضة;بانتظار المراجعة;;;«كُنْ فِي الدُّنْيَا كَأَنَّكَ غَرِيبٌ أَوْ عَابِرُ سَبِيلٍ»;;u7/u7l4/hook;#/lesson/u7/u7l4
230;الرقائق;عابر سبيل;هدف الدرس;أن تعرف حديث (كن في الدنيا كأنك غريب) ووصية ابن عمر.;صياغة تعليمية مساعدة;68;هدف إجرائي مستحدث للدرس؛ يحتاج إقرار الصياغة.;منخفضة;بانتظار المراجعة;;;«كُنْ فِي الدُّنْيَا كَأَنَّكَ غَرِيبٌ أَوْ عَابِرُ سَبِيلٍ»;;u7/u7l4/objective;#/lesson/u7/u7l4
232;الرقائق;الصور والأعمال;مدخل الدرس;الناس ينظرون إلى مظهرك ومالك. فإلى أيّ شيء ينظر الله؟;صياغة تعليمية مساعدة;68;مدخل تشويقي مستحدث ليس من الكتاب؛ يحتاج إقرار الصياغة والأسلوب.;منخفضة;بانتظار المراجعة;;;«إِنَّ اللهَ لَا يَنْظُرُ إِلَى صُوَرِكُمْ وَأَمْوَالِكُمْ، وَلَكِنْ يَنْظُرُ إِلَى قُلُوبِكُمْ وَأَعْمَالِكُمْ»;;u7/u7l5/hook;#/lesson/u7/u7l5
233;الرقائق;الصور والأعمال;هدف الدرس;أن تعرف حديث (إن الله لا ينظر إلى صوركم وأموالكم).;صياغة تعليمية مساعدة;68;هدف إجرائي مستحدث للدرس؛ يحتاج إقرار الصياغة.;منخفضة;بانتظار المراجعة;;;«إِنَّ اللهَ لَا يَنْظُرُ إِلَى صُوَرِكُمْ وَأَمْوَالِكُمْ، وَلَكِنْ يَنْظُرُ إِلَى قُلُوبِكُمْ وَأَعْمَالِكُمْ»;;u7/u7l5/objective;#/lesson/u7/u7l5
235;الرقائق;لا يتبعك إلا عملك;مدخل الدرس;ثلاثة يتبعون الميت إلى قبره، فيرجع اثنان ويبقى واحد. فمن يبقى؟;صياغة تعليمية مساعدة;68;مدخل تشويقي مستحدث ليس من الكتاب؛ يحتاج إقرار الصياغة والأسلوب.;منخفضة;بانتظار المراجعة;;;«يَتْبَعُ الْمَيِّتَ ثَلَاثَةٌ، فَيَرْجِعُ اثْنَانِ وَيَبْقَى وَاحِدٌ، يَتْبَعُهُ أَهْلُهُ وَمَالُهُ وَعَمَلُهُ، فَيَرْجِعُ أَهْلُهُ وَمَالُهُ وَيَبْقَى عَمَلُهُ»;;u7/u7l6/hook;#/lesson/u7/u7l6
236;الرقائق;لا يتبعك إلا عملك;هدف الدرس;أن تعرف حديث ما يتبع الميت.;صياغة تعليمية مساعدة;68;هدف إجرائي مستحدث للدرس؛ يحتاج إقرار الصياغة.;منخفضة;بانتظار المراجعة;;;«يَتْبَعُ الْمَيِّتَ ثَلَاثَةٌ، فَيَرْجِعُ اثْنَانِ وَيَبْقَى وَاحِدٌ، يَتْبَعُهُ أَهْلُهُ وَمَالُهُ وَعَمَلُهُ، فَيَرْجِعُ أَهْلُهُ وَمَالُهُ وَيَبْقَى عَمَلُهُ»;;u7/u7l6/objective;#/lesson/u7/u7l6
238;الرقائق;برحمة الله لا بالعمل;مدخل الدرس;قالوا: ولا أنت يا رسول الله؟ قال: «ولا أنا». فما الذي يُدخل الجنة إذًا؟;صياغة تعليمية مساعدة;69;مدخل تشويقي مستحدث ليس من الكتاب؛ يحتاج إقرار الصياغة والأسلوب.;منخفضة;بانتظار المراجعة;;;«سَدِّدُوا وَقَارِبُوا، وَأَبْشِرُوا، فَإِنَّهُ لَنْ يُدْخِلَ الْجَنَّةَ أَحَدًا عَمَلُهُ» قَالُوا: وَلَا أَنْتَ يَا رَسُولَ اللهِ؟ قَالَ: «وَلَا أَنَا، إِلَّا أَنْ يَتَغَمَّدَنِيَ اللهُ مِنْهُ بِرَحْمَةٍ، وَاعْلَمُوا أَنَّ أَحَبَّ الْعَمَلِ إِلَى اللهِ أَدْوَمُهُ وَإِنْ قَلَّ»;;u7/u7l7/hook;#/lesson/u7/u7l7
239;الرقائق;برحمة الله لا بالعمل;هدف الدرس;أن تعرف حديث (سدّدوا وقاربوا) وأحبّ العمل إلى الله.;صياغة تعليمية مساعدة;69;هدف إجرائي مستحدث للدرس؛ يحتاج إقرار الصياغة.;منخفضة;بانتظار المراجعة;;;«سَدِّدُوا وَقَارِبُوا، وَأَبْشِرُوا، فَإِنَّهُ لَنْ يُدْخِلَ الْجَنَّةَ أَحَدًا عَمَلُهُ» قَالُوا: وَلَا أَنْتَ يَا رَسُولَ اللهِ؟ قَالَ: «وَلَا أَنَا، إِلَّا أَنْ يَتَغَمَّدَنِيَ اللهُ مِنْهُ بِرَحْمَةٍ، وَاعْلَمُوا أَنَّ أَحَبَّ الْعَمَلِ إِلَى اللهِ أَدْوَمُهُ وَإِنْ قَلَّ»;;u7/u7l7/objective;#/lesson/u7/u7l7
241;الرقائق;برحمة الله لا بالعمل;سؤال النقاش الأسري;اتفقوا في البيت على عمل صالح صغير يوميّ يستمر شهرًا كاملًا.;صياغة تعليمية مساعدة;69;اقتراح نشاط أسري مستحدث؛ يحتاج إقرار الصياغة.;منخفضة;بانتظار المراجعة;;;«سَدِّدُوا وَقَارِبُوا، وَأَبْشِرُوا، فَإِنَّهُ لَنْ يُدْخِلَ الْجَنَّةَ أَحَدًا عَمَلُهُ» قَالُوا: وَلَا أَنْتَ يَا رَسُولَ اللهِ؟ قَالَ: «وَلَا أَنَا، إِلَّا أَنْ يَتَغَمَّدَنِيَ اللهُ مِنْهُ بِرَحْمَةٍ، وَاعْلَمُوا أَنَّ أَحَبَّ الْعَمَلِ إِلَى اللهِ أَدْوَمُهُ وَإِنْ قَلَّ»;;u7/u7l7/family;#/lesson/u7/u7l7
243;الرقائق;رحمة الله;مدخل الدرس;امرأةٌ في السبي وجدت صبيًّا فألصقته ببطنها وأرضعته. فماذا قال النبي ﷺ لأصحابه؟;صياغة تعليمية مساعدة;69;مدخل تشويقي مستحدث ليس من الكتاب؛ يحتاج إقرار الصياغة والأسلوب.;منخفضة;بانتظار المراجعة;;;قُدِمَ عَلَى رَسُولِ اللهِ ﷺ بِسَبْيٍ فَإِذَا امْرَأَةٌ مِنَ السَّبْيِ تَبْتَغِي، إِذَا وَجَدَتْ صَبِيًّا فِي السَّبْيِ، أَخَذَتْهُ فَأَلْصَقَتْهُ بِبَطْنِهَا وَأَرْضَعَتْهُ، فَقَالَ لَنَا رَسُولُ اللهِ ﷺ: «أَتَرَوْنَ هَذِهِ الْمَرْأَةَ طَارِحَةً وَلَدَهَا فِي النَّارِ؟» قُلْنَا: لَا وَاللهِ، وَهِيَ تَقْدِرُ عَلَى أَلَّا تَطْرَحَهُ، فَقَالَ رَسُولُ اللهِ ﷺ: «لَلهُ أَرْحَمُ بِعِبَادِهِ مِنْ هَذِهِ بِوَلَدِهَا»;;u7/u7l8/hook;#/lesson/u7/u7l8
244;الرقائق;رحمة الله;هدف الدرس;أن تعرف سعة رحمة الله بدليلها من الكتاب والسنة.;صياغة تعليمية مساعدة;69;هدف إجرائي مستحدث للدرس؛ يحتاج إقرار الصياغة.;منخفضة;بانتظار المراجعة;;;قُدِمَ عَلَى رَسُولِ اللهِ ﷺ بِسَبْيٍ فَإِذَا امْرَأَةٌ مِنَ السَّبْيِ تَبْتَغِي، إِذَا وَجَدَتْ صَبِيًّا فِي السَّبْيِ، أَخَذَتْهُ فَأَلْصَقَتْهُ بِبَطْنِهَا وَأَرْضَعَتْهُ، فَقَالَ لَنَا رَسُولُ اللهِ ﷺ: «أَتَرَوْنَ هَذِهِ الْمَرْأَةَ طَارِحَةً وَلَدَهَا فِي النَّارِ؟» قُلْنَا: لَا وَاللهِ، وَهِيَ تَقْدِرُ عَلَى أَلَّا تَطْرَحَهُ، فَقَالَ رَسُولُ اللهِ ﷺ: «لَلهُ أَرْحَمُ بِعِبَادِهِ مِنْ هَذِهِ بِوَلَدِهَا»;;u7/u7l8/objective;#/lesson/u7/u7l8
248;الرقائق;فتنة النساء;مدخل الدرس;أول فتنة وقعت في بني إسرائيل، حذّر منها النبي ﷺ أمته.;صياغة تعليمية مساعدة;70;مدخل تشويقي مستحدث ليس من الكتاب؛ يحتاج إقرار الصياغة والأسلوب.;منخفضة;بانتظار المراجعة;;;«إِنَّ الدُّنْيَا حُلْوَةٌ خَضِرَةٌ، وَإِنَّ اللهَ مُسْتَخْلِفُكُمْ فِيهَا، فَيَنْظُرُ كَيْفَ تَعْمَلُونَ، فَاتَّقُوا الدُّنْيَا وَاتَّقُوا النِّسَاءَ، فَإِنَّ أَوَّلَ فِتْنَةِ بَنِي إِسْرَائِيلَ كَانَتْ فِي النِّسَاءِ»;;u7/u7l9/hook;#/lesson/u7/u7l9
249;الرقائق;فتنة النساء;هدف الدرس;أن تعرف حديث فتنة الدنيا والنساء.;صياغة تعليمية مساعدة;70;هدف إجرائي مستحدث للدرس؛ يحتاج إقرار الصياغة.;منخفضة;بانتظار المراجعة;;;«إِنَّ الدُّنْيَا حُلْوَةٌ خَضِرَةٌ، وَإِنَّ اللهَ مُسْتَخْلِفُكُمْ فِيهَا، فَيَنْظُرُ كَيْفَ تَعْمَلُونَ، فَاتَّقُوا الدُّنْيَا وَاتَّقُوا النِّسَاءَ، فَإِنَّ أَوَّلَ فِتْنَةِ بَنِي إِسْرَائِيلَ كَانَتْ فِي النِّسَاءِ»;;u7/u7l9/objective;#/lesson/u7/u7l9
251;الرقائق;فتنة المال;مدخل الدرس;لم يكن الفقر أخوف ما خافه النبي ﷺ على أمته. فما الذي خافه؟;صياغة تعليمية مساعدة;70;مدخل تشويقي مستحدث ليس من الكتاب؛ يحتاج إقرار الصياغة والأسلوب.;منخفضة;بانتظار المراجعة;;;«وَاللهِ مَا الْفَقْرَ أَخْشَى عَلَيْكُمْ، وَلَكِنِّي أَخْشَى أَنْ تُبْسَطَ الدُّنْيَا عَلَيْكُمْ، كَمَا بُسِطَتْ عَلَى مَنْ كَانَ قَبْلَكُمْ، فَتَنَافَسُوهَا كَمَا تَنَافَسُوهَا، وَتُهْلِكَكُمْ كَمَا أَهْلَكَتْهُمْ»;;u7/u7l10/hook;#/lesson/u7/u7l10
252;الرقائق;فتنة المال;هدف الدرس;أن تعرف حديث خشية بسط الدنيا على الأمة.;صياغة تعليمية مساعدة;70;هدف إجرائي مستحدث للدرس؛ يحتاج إقرار الصياغة.;منخفضة;بانتظار المراجعة;;;«وَاللهِ مَا الْفَقْرَ أَخْشَى عَلَيْكُمْ، وَلَكِنِّي أَخْشَى أَنْ تُبْسَطَ الدُّنْيَا عَلَيْكُمْ، كَمَا بُسِطَتْ عَلَى مَنْ كَانَ قَبْلَكُمْ، فَتَنَافَسُوهَا كَمَا تَنَافَسُوهَا، وَتُهْلِكَكُمْ كَمَا أَهْلَكَتْهُمْ»;;u7/u7l10/objective;#/lesson/u7/u7l10
254;الرقائق;المجاهدة;مدخل الدرس;حُجبت الجنة بالمكاره، وحُجبت النار بالشهوات. فأيّ الطريقين تسلك؟;صياغة تعليمية مساعدة;70;مدخل تشويقي مستحدث ليس من الكتاب؛ يحتاج إقرار الصياغة والأسلوب.;منخفضة;بانتظار المراجعة;;;«حُجِبَتِ النَّارُ بِالشَّهَوَاتِ، وَحُجِبَتِ الْجَنَّةُ بِالْمَكَارِهِ»;;u7/u7l11/hook;#/lesson/u7/u7l11
255;الرقائق;المجاهدة;هدف الدرس;أن تعرف دليل مجاهدة النفس من الكتاب والسنة.;صياغة تعليمية مساعدة;70;هدف إجرائي مستحدث للدرس؛ يحتاج إقرار الصياغة.;منخفضة;بانتظار المراجعة;;;«حُجِبَتِ النَّارُ بِالشَّهَوَاتِ، وَحُجِبَتِ الْجَنَّةُ بِالْمَكَارِهِ»;;u7/u7l11/objective;#/lesson/u7/u7l11
258;الرقائق;بين حُبّ لقاء الله وكُرهه;مدخل الدرس;قالت عائشة: إنّا لنكره الموت! فصحّح لها النبي ﷺ المفهوم في جملة واحدة.;صياغة تعليمية مساعدة;71;مدخل تشويقي مستحدث ليس من الكتاب؛ يحتاج إقرار الصياغة والأسلوب.;منخفضة;بانتظار المراجعة;;;«مَنْ أَحَبَّ لِقَاءَ اللهِ أَحَبَّ اللهُ لِقَاءَهُ، وَمَنْ كَرِهَ لِقَاءَ اللهِ كَرِهَ اللهُ لِقَاءَهُ» فَقَالَتْ عَائِشَةُ رضي الله عنها: إِنَّا لَنَكْرَهُ الْمَوْتَ، قَالَ: «لَيْسَ ذَاكِ، وَلَكِنَّ الْمُؤْمِنَ إِذَا حَضَرَهُ الْمَوْتُ بُشِّرَ بِرِضْوَانِ اللهِ وَكَرَامَتِهِ، فَلَيْسَ شَيْءٌ أَحَبَّ إِلَيْهِ مِمَّا أَمَامَهُ، فَأَحَبَّ لِقَاءَ اللهِ وَأَحَبَّ اللهُ لِقَاءَهُ، وَإِنَّ الْكَافِرَ إِذَا حُضِرَ بُشِّرَ بِعَذَابِ اللهِ وَعُقُوبَتِهِ، فَلَيْسَ شَيْءٌ أَكْرَهَ إِلَيْهِ مِمَّا أَمَامَهُ، كَرِهَ لِقَاءَ اللهِ وَكَرِهَ اللهُ لِقَاءَهُ»;;u7/u7l12/hook;#/lesson/u7/u7l12
259;الرقائق;بين حُبّ لقاء الله وكُرهه;هدف الدرس;أن تفرّق بين كراهية الموت وكراهية لقاء الله.;صياغة تعليمية مساعدة;71;هدف إجرائي مستحدث للدرس؛ يحتاج إقرار الصياغة.;منخفضة;بانتظار المراجعة;;;«مَنْ أَحَبَّ لِقَاءَ اللهِ أَحَبَّ اللهُ لِقَاءَهُ، وَمَنْ كَرِهَ لِقَاءَ اللهِ كَرِهَ اللهُ لِقَاءَهُ» فَقَالَتْ عَائِشَةُ رضي الله عنها: إِنَّا لَنَكْرَهُ الْمَوْتَ، قَالَ: «لَيْسَ ذَاكِ، وَلَكِنَّ الْمُؤْمِنَ إِذَا حَضَرَهُ الْمَوْتُ بُشِّرَ بِرِضْوَانِ اللهِ وَكَرَامَتِهِ، فَلَيْسَ شَيْءٌ أَحَبَّ إِلَيْهِ مِمَّا أَمَامَهُ، فَأَحَبَّ لِقَاءَ اللهِ وَأَحَبَّ اللهُ لِقَاءَهُ، وَإِنَّ الْكَافِرَ إِذَا حُضِرَ بُشِّرَ بِعَذَابِ اللهِ وَعُقُوبَتِهِ، فَلَيْسَ شَيْءٌ أَكْرَهَ إِلَيْهِ مِمَّا أَمَامَهُ، كَرِهَ لِقَاءَ اللهِ وَكَرِهَ اللهُ لِقَاءَهُ»;;u7/u7l12/objective;#/lesson/u7/u7l12